tick,network_index,location,upflow,downflow,losses
0,1,[],0.0,0.0,0.0
0,2,"[[[""main"", 10], 1]]",0.0,0.0,0.0
0,3,"[[[""main"", 10], 2]]",0.0,0.0,0.0
0,4,"[[[""main"", 10], 3]]",0.0,0.0,0.0
0,5,"[[[""main"", 10], 1], [[""miniA"", 12], 1]]",0.0,0.0,0.0
0,6,"[[[""main"", 10], 1], [[""miniA"", 12], 2]]",0.0,0.0,0.0
0,7,"[[[""main"", 10], 1], [[""miniA"", 12], 3]]",0.0,0.0,0.0
0,8,"[[[""main"", 10], 3], [[""miniA"", 1], 1]]",0.0,0.0,0.0
0,9,"[[[""main"", 10], 3], [[""miniA"", 1], 2]]",0.0,0.0,0.0
0,10,"[[[""main"", 10], 3], [[""miniA"", 1], 3]]",0.0,0.0,0.0
1,1,[],2.10803772106204,21.873058470602697,0.0
1,2,"[[[""main"", 10], 1]]",2.10803772106204,0.019423507698306995,0.028070628337489446
1,3,"[[[""main"", 10], 2]]",0.0,3.182420165376643,0.06545753679550964
1,4,"[[[""main"", 10], 3]]",0.0,16.700827899819814,1.876858732574933
1,5,"[[[""main"", 10], 1], [[""miniA"", 12], 1]]",0.0,0.0,0.0
1,6,"[[[""main"", 10], 1], [[""miniA"", 12], 2]]",1.6874743091483289,0.0,0.018293312996629337
1,7,"[[[""main"", 10], 1], [[""miniA"", 12], 3]]",0.42056341191371116,0.0,0.0011301947016776597
1,8,"[[[""main"", 10], 3], [[""miniA"", 1], 1]]",0.0,2.412393910754569,0.037497690428354345
1,9,"[[[""main"", 10], 3], [[""miniA"", 1], 2]]",0.0,8.584553948181684,0.4855715294152006
1,10,"[[[""main"", 10], 3], [[""miniA"", 1], 3]]",0.0,5.016988477466425,0.1638223435735801
2,1,[],23.249420524192974,22.25230664801244,0.0
2,2,"[[[""main"", 10], 1]]",11.390420524192972,0.4342403430273315,0.7966026361803655
2,3,"[[[""main"", 10], 2]]",0.0,3.358654919402318,0.07295857844921165
2,4,"[[[""main"", 10], 3]]",11.859000000000002,17.390340326749083,0.19950984420412912
2,5,"[[[""main"", 10], 1], [[""miniA"", 12], 1]]",0.0,0.0,0.0
2,6,"[[[""main"", 10], 1], [[""miniA"", 12], 2]]",4.7953314293036895,0.0,0.1495434257392308
2,7,"[[[""main"", 10], 1], [[""miniA"", 12], 3]]",6.595089094889282,0.0,0.2846969172881007
2,8,"[[[""main"", 10], 3], [[""miniA"", 1], 1]]",11.859000000000002,2.3674285387642424,0.5952831118465154
2,9,"[[[""main"", 10], 3], [[""miniA"", 1], 2]]",0.0,8.790068478900311,0.5094310096470989
2,10,"[[[""main"", 10], 3], [[""miniA"", 1], 3]]",0.0,4.96754901841393,0.16058016917698656
3,1,[],15.416450617413162,24.47902075315911,0.0
3,2,"[[[""main"", 10], 1]]",15.416450617413162,0.8946113768635416,1.4124135137053968
3,3,"[[[""main"", 10], 2]]",0.0,3.172286987913056,0.06503875236812373
3,4,"[[[""main"", 10], 3]]",0.0,16.990931676712016,1.9437384455969735
3,5,"[[[""main"", 10], 1], [[""miniA"", 12], 1]]",0.0,0.0,0.0
3,6,"[[[""main"", 10], 1], [[""miniA"", 12], 2]]",4.830988367148129,0.0,0.15179576578795193
3,7,"[[[""main"", 10], 1], [[""miniA"", 12], 3]]",10.585462250265033,0.0,0.7428156110755897
3,8,"[[[""main"", 10], 3], [[""miniA"", 1], 1]]",0.0,2.5764945304399918,0.04280103606278493
3,9,"[[[""main"", 10], 3], [[""miniA"", 1], 2]]",0.0,8.438191559308533,0.46893567295492133
3,10,"[[[""main"", 10], 3], [[""miniA"", 1], 3]]",0.0,5.282697020830543,0.18181185711524114
4,1,[],20.98500971632688,21.987915943419477,0.0
4,2,"[[[""main"", 10], 1]]",15.547009716326874,0.9255790307450069,1.4321819110064742
4,3,"[[[""main"", 10], 2]]",0.0,3.0830217941971974,0.06140832494292313
4,4,"[[[""main"", 10], 3]]",5.438000000000002,15.777531638922012,0.7081932436058622
4,5,"[[[""main"", 10], 1], [[""miniA"", 12], 1]]",0.0,0.0,0.0
4,6,"[[[""main"", 10], 1], [[""miniA"", 12], 2]]",4.683362557522841,0.0,0.14258184654066072
4,7,"[[[""main"", 10], 1], [[""miniA"", 12], 3]]",10.863647158804033,0.0,0.7829971842043462
4,8,"[[[""main"", 10], 3], [[""miniA"", 1], 1]]",5.438000000000002,2.333599350842622,0.06226820217617586
4,9,"[[[""main"", 10], 3], [[""miniA"", 1], 2]]",0.0,8.156594868348957,0.437761455825375
4,10,"[[[""main"", 10], 3], [[""miniA"", 1], 3]]",0.0,4.646953323615667,0.14035443811321538
5,1,[],16.70169468393416,24.002377150370855,0.0
5,2,"[[[""main"", 10], 1]]",16.099694683934164,0.9489648410788315,1.539590859900471
5,3,"[[[""main"", 10], 2]]",0.0,3.3125179501864617,0.07095507444104115
5,4,"[[[""main"", 10], 3]]",0.6019999999999968,16.444439371985148,1.6859090527789011
5,5,"[[[""main"", 10], 1], [[""miniA"", 12], 1]]",0.0,0.0,0.0
5,6,"[[[""main"", 10], 1], [[""miniA"", 12], 2]]",5.40379580500058,0.0,0.19032700774404418
5,7,"[[[""main"", 10], 1], [[""miniA"", 12], 3]]",10.695898878933585,0.0,0.7586378333347873
5,8,"[[[""main"", 10], 3], [[""miniA"", 1], 1]]",0.6019999999999968,2.6806421071990316,0.027802086508738985
5,9,"[[[""main"", 10], 3], [[""miniA"", 1], 2]]",0.0,8.528549392716915,0.4791709443193597
5,10,"[[[""main"", 10], 3], [[""miniA"", 1], 3]]",0.0,4.591291222714494,0.13698361852660768
6,1,[],12.933280684623574,18.467800469497856,0.0
6,2,"[[[""main"", 10], 1]]",8.553280684623571,0.24933299940014275,0.4539375796260595
6,3,"[[[""main"", 10], 2]]",0.0,2.5867642713681236,0.043144704197643234
6,4,"[[[""main"", 10], 3]]",4.380000000000003,14.46180497715614,0.6728159377497482
6,5,"[[[""main"", 10], 1], [[""miniA"", 12], 1]]",0.0,0.0,0.0
6,6,"[[[""main"", 10], 1], [[""miniA"", 12], 2]]",3.3333333333333335,0.0,0.07185548967852433
6,7,"[[[""main"", 10], 1], [[""miniA"", 12], 3]]",5.219947351290237,0.0,0.1774775097216184
6,8,"[[[""main"", 10], 3], [[""miniA"", 1], 1]]",4.380000000000003,2.11280873560304,0.033100034977056776
6,9,"[[[""main"", 10], 3], [[""miniA"", 1], 2]]",0.0,7.281695664978081,0.34787788778694057
6,10,"[[[""main"", 10], 3], [[""miniA"", 1], 3]]",0.0,4.551710668890623,0.13461198492040036
7,1,[],25.905696851050813,25.50151932764393,0.0
7,2,"[[[""main"", 10], 1]]",22.584696851050815,1.6941779016079614,2.957319260202386
7,3,"[[[""main"", 10], 2]]",0.0,3.490040995986228,0.0788188020949009
7,4,"[[[""main"", 10], 3]]",3.320999999999998,16.178443956394112,1.1027184113583424
7,5,"[[[""main"", 10], 1], [[""miniA"", 12], 1]]",0.0,0.0,0.0
7,6,"[[[""main"", 10], 1], [[""miniA"", 12], 2]]",11.207843718418786,0.0,0.8342115987005396
7,7,"[[[""main"", 10], 1], [[""miniA"", 12], 3]]",11.376853132632029,0.0,0.8599663029074218
7,8,"[[[""main"", 10], 3], [[""miniA"", 1], 1]]",3.320999999999998,2.903692211394568,0.0011127488975011819
7,9,"[[[""main"", 10], 3], [[""miniA"", 1], 2]]",0.0,8.347562416308278,0.4587830307082992
7,10,"[[[""main"", 10], 3], [[""miniA"", 1], 3]]",0.0,4.34474074660103,0.1225528024844356
8,1,[],11.126244925070448,21.498609841112987,0.0
8,2,"[[[""main"", 10], 1]]",11.126244925070448,0.420085268841595,0.7601165445842315
8,3,"[[[""main"", 10], 2]]",0.0,3.060128646098873,0.060494245461351855
8,4,"[[[""main"", 10], 3]]",0.0,15.57025601042298,1.6275291257039552
8,5,"[[[""main"", 10], 1], [[""miniA"", 12], 1]]",0.0,0.0,0.0
8,6,"[[[""main"", 10], 1], [[""miniA"", 12], 2]]",4.461922734820183,0.0,0.12930990976130785
8,7,"[[[""main"", 10], 1], [[""miniA"", 12], 3]]",6.6643221902502665,0.0,0.2907753590802872
8,8,"[[[""main"", 10], 3], [[""miniA"", 1], 1]]",0.0,2.6465379594159106,0.045172531627254674
8,9,"[[[""main"", 10], 3], [[""miniA"", 1], 2]]",0.0,8.174204056359022,0.43967879194176795
8,10,"[[[""main"", 10], 3], [[""miniA"", 1], 3]]",0.0,4.152781490964617,0.11188118011440853
9,1,[],21.322999056788312,22.559914351536626,0.0
9,2,"[[[""main"", 10], 1]]",15.099999056788311,0.8706930700897729,1.3551554093783023
9,3,"[[[""main"", 10], 2]]",0.0,3.3422744088124188,0.07224401994017546
9,4,"[[[""main"", 10], 3]]",6.222999999999999,16.253644025621046,0.6659034176949128
9,5,"[[[""main"", 10], 1], [[""miniA"", 12], 1]]",0.0,0.0,0.0
9,6,"[[[""main"", 10], 1], [[""miniA"", 12], 2]]",4.56933855557963,0.0,0.13566563558989
9,7,"[[[""main"", 10], 1], [[""miniA"", 12], 3]]",10.530660501208681,0.0,0.735027434499883
9,8,"[[[""main"", 10], 3], [[""miniA"", 1], 1]]",6.222999999999999,2.9725704344572965,0.06830342878486867
9,9,"[[[""main"", 10], 3], [[""miniA"", 1], 2]]",0.0,8.45749283325746,0.47111254158054494
9,10,"[[[""main"", 10], 3], [[""miniA"", 1], 3]]",0.0,4.171276856415793,0.11288793112508604
10,1,[],11.846083668874842,24.264426311307727,0.0
10,2,"[[[""main"", 10], 1]]",11.104083668874841,0.41490794173703804,0.757669737757357
10,3,"[[[""main"", 10], 2]]",0.0,3.922519003704106,0.09973010268999799
10,4,"[[[""main"", 10], 3]]",0.7420000000000009,17.239018032712792,1.8305814927064348
10,5,"[[[""main"", 10], 1], [[""miniA"", 12], 1]]",0.0,0.0,0.0
10,6,"[[[""main"", 10], 1], [[""miniA"", 12], 2]]",4.577261641939361,0.0,0.1361405715902356
10,7,"[[[""main"", 10], 1], [[""miniA"", 12], 3]]",6.52682202693548,0.0,0.2787673701468025
10,8,"[[[""main"", 10], 3], [[""miniA"", 1], 1]]",0.7420000000000009,3.04076293532856,0.03403268860583551
10,9,"[[[""main"", 10], 3], [[""miniA"", 1], 2]]",0.0,9.369694238871892,0.5798770720117038
10,10,"[[[""main"", 10], 3], [[""miniA"", 1], 3]]",0.0,4.1053318088095745,0.10931928908522569
11,1,[],19.1448101280872,23.27739355443802,0.0
11,2,"[[[""main"", 10], 1]]",13.3098101280872,0.5857958271867277,1.079579322450076
11,3,"[[[""main"", 10], 2]]",0.0,3.7711191017304913,0.09212622603335657
11,4,"[[[""main"", 10], 3]]",5.835000000000001,16.9313348853417,0.8174381916956701
11,5,"[[[""main"", 10], 1], [[""miniA"", 12], 1]]",0.0,0.0,0.0
11,6,"[[[""main"", 10], 1], [[""miniA"", 12], 2]]",7.312487412085265,0.0,0.35086263273424023
11,7,"[[[""main"", 10], 1], [[""miniA"", 12], 3]]",5.997322716001935,0.0,0.23493319445248753
11,8,"[[[""main"", 10], 3], [[""miniA"", 1], 1]]",5.835000000000001,3.3482505095992767,0.03985682778640393
11,9,"[[[""main"", 10], 3], [[""miniA"", 1], 2]]",0.0,8.90065132546236,0.5225112936390406
11,10,"[[[""main"", 10], 3], [[""miniA"", 1], 3]]",0.0,4.015512742531998,0.10455218632262099
12,1,[],8.912259346711489,24.116658019324287,0.0
12,2,"[[[""main"", 10], 1]]",8.912259346711489,0.2580167033383167,0.493596622658018
12,3,"[[[""main"", 10], 2]]",0.0,3.9490275339472625,0.1010929102140063
12,4,"[[[""main"", 10], 3]]",0.0,17.29889339766948,2.016030851497203
12,5,"[[[""main"", 10], 1], [[""miniA"", 12], 1]]",0.0,0.0,0.0
12,6,"[[[""main"", 10], 1], [[""miniA"", 12], 2]]",4.530227414183959,0.0,0.13333353078796356
12,7,"[[[""main"", 10], 1], [[""miniA"", 12], 3]]",4.382031932527529,0.0,0.12468317255035316
12,8,"[[[""main"", 10], 3], [[""miniA"", 1], 1]]",0.0,3.5714305303577762,0.08256403809507726
12,9,"[[[""main"", 10], 3], [[""miniA"", 1], 2]]",0.0,8.848794313831558,0.5163562949201009
12,10,"[[[""main"", 10], 3], [[""miniA"", 1], 3]]",0.0,4.167088664244525,0.11265955622044388
13,1,[],21.54775480061634,29.446857448404735,0.0
13,2,"[[[""main"", 10], 1]]",21.54775480061634,1.5482455010864404,2.706995365377547
13,3,"[[[""main"", 10], 2]]",0.0,4.334359696916569,0.12196306923395198
13,4,"[[[""main"", 10], 3]]",0.0,18.439820428482562,2.295473387307665
13,5,"[[[""main"", 10], 1], [[""miniA"", 12], 1]]",0.0,0.0,0.0
13,6,"[[[""main"", 10], 1], [[""miniA"", 12], 2]]",9.997750071018661,0.0,0.6614782773224535
13,7,"[[[""main"", 10], 1], [[""miniA"", 12], 3]]",11.550004729597676,0.0,0.8867672237639871
13,8,"[[[""main"", 10], 3], [[""miniA"", 1], 1]]",0.0,3.8180862458883427,0.09445240015881302
13,9,"[[[""main"", 10], 3], [[""miniA"", 1], 2]]",0.0,9.481810724594187,0.5940416892437372
13,10,"[[[""main"", 10], 3], [[""miniA"", 1], 3]]",0.0,4.32972890284887,0.12170046574861282
14,1,[],8.317071204226991,24.835652578819197,0.0
14,2,"[[[""main"", 10], 1]]",8.317071204226991,0.22441342505515838,0.4308357817901551
14,3,"[[[""main"", 10], 2]]",0.0,4.135986875599338,0.11097096805456327
14,4,"[[[""main"", 10], 3]]",0.0,17.797533813113322,2.1359117152066602
14,5,"[[[""main"", 10], 1], [[""miniA"", 12], 1]]",0.0,0.0,0.0
14,6,"[[[""main"", 10], 1], [[""miniA"", 12], 2]]",4.11476298022006,0.0,0.10982609779776113
14,7,"[[[""main"", 10], 1], [[""miniA"", 12], 3]]",4.202308224006931,0.0,0.11458732725739725
14,8,"[[[""main"", 10], 3], [[""miniA"", 1], 1]]",0.0,3.52291055960107,0.08032073643248097
14,9,"[[[""main"", 10], 3], [[""miniA"", 1], 2]]",0.0,9.283706568265465,0.5691318613821311
14,10,"[[[""main"", 10], 3], [[""miniA"", 1], 3]]",0.0,4.225593129953209,0.11587095747896814
15,1,[],8.449468493752722,25.75810542424688,0.0
15,2,"[[[""main"", 10], 1]]",8.449468493752722,0.23170587387668617,0.44443995227310734
15,3,"[[[""main"", 10], 2]]",0.0,4.457057914185976,0.12902572531700582
15,4,"[[[""main"", 10], 3]]",0.0,18.24852976716178,2.247346191432327
15,5,"[[[""main"", 10], 1], [[""miniA"", 12], 1]]",0.0,0.0,0.0
15,6,"[[[""main"", 10], 1], [[""miniA"", 12], 2]]",4.291086479155926,0.0,0.11952032552980722
15,7,"[[[""main"", 10], 1], [[""miniA"", 12], 3]]",4.158382014596797,0.0,0.11218554834687897
15,8,"[[[""main"", 10], 3], [[""miniA"", 1], 1]]",0.0,3.7996710590447713,0.09353683525614015
15,9,"[[[""main"", 10], 3], [[""miniA"", 1], 2]]",0.0,9.58511667488281,0.6072478703688063
15,10,"[[[""main"", 10], 3], [[""miniA"", 1], 3]]",0.0,4.056256066074872,0.10670126153437948
16,1,[],15.488670901082749,25.038551045752378,0.0
16,2,"[[[""main"", 10], 1]]",15.488670901082749,0.8224484607583012,1.4411184195890245
16,3,"[[[""main"", 10], 2]]",0.0,3.8019751313804973,0.0936511415973822
16,4,"[[[""main"", 10], 3]]",0.0,16.94604495867634,1.9333129337508341
16,5,"[[[""main"", 10], 1], [[""miniA"", 12], 1]]",0.0,0.0,0.0
16,6,"[[[""main"", 10], 1], [[""miniA"", 12], 2]]",6.166516341107091,0.0,0.24852474661819846
16,7,"[[[""main"", 10], 1], [[""miniA"", 12], 3]]",9.322154559975658,0.0,0.5739237141401028
16,8,"[[[""main"", 10], 3], [[""miniA"", 1], 1]]",0.0,3.306229385840812,0.07068417891368625
16,9,"[[[""main"", 10], 3], [[""miniA"", 1], 2]]",0.0,8.563997234700782,0.48321712741902445
16,10,"[[[""main"", 10], 3], [[""miniA"", 1], 3]]",0.0,4.396407628360528,0.1255094034415055
17,1,[],12.826392854475685,29.12398358483268,0.0
17,2,"[[[""main"", 10], 1]]",12.826392854475685,0.5894239259674894,0.9972409094752274
17,3,"[[[""main"", 10], 2]]",0.0,4.6143551730772625,0.13837529058515693
17,4,"[[[""main"", 10], 3]]",0.0,20.060743216624974,2.7238450691025697
17,5,"[[[""main"", 10], 1], [[""miniA"", 12], 1]]",0.0,0.0,0.0
17,6,"[[[""main"", 10], 1], [[""miniA"", 12], 2]]",4.4723765133685935,0.0,0.12992165384014898
17,7,"[[[""main"", 10], 1], [[""miniA"", 12], 3]]",8.35401634110709,0.0,0.45950227212734035
17,8,"[[[""main"", 10], 3], [[""miniA"", 1], 1]]",0.0,4.287875280028252,0.11934005498713407
17,9,"[[[""main"", 10], 3], [[""miniA"", 1], 2]]",0.0,10.20368936835921,0.6894311494199379
17,10,"[[[""main"", 10], 3], [[""miniA"", 1], 3]]",0.0,4.621593822387017,0.13881354144342206
18,1,[],18.61626067752816,27.119271669364714,0.0
18,2,"[[[""main"", 10], 1]]",18.61626067752816,1.2032223293817506,2.043164604472421
18,3,"[[[""main"", 10], 2]]",0.0,3.8600327709245716,0.09655476939403014
18,4,"[[[""main"", 10], 3]]",0.0,17.7837470086119,2.13255018658004
18,5,"[[[""main"", 10], 1], [[""miniA"", 12], 1]]",0.0,0.0,0.0
18,6,"[[[""main"", 10], 1], [[""miniA"", 12], 2]]",7.2489009227306616,0.0,0.3447132919357936
18,7,"[[[""main"", 10], 1], [[""miniA"", 12], 3]]",11.367359754797498,0.0,0.8585090374459571
18,8,"[[[""main"", 10], 3], [[""miniA"", 1], 1]]",0.0,3.361014542875094,0.07306180439734358
18,9,"[[[""main"", 10], 3], [[""miniA"", 1], 2]]",0.0,9.170338583748602,0.5551220624591164
18,10,"[[[""main"", 10], 3], [[""miniA"", 1], 3]]",0.0,4.49307290662279,0.13113710850895588
19,1,[],25.922531780807645,28.40762544285292,0.0
19,2,"[[[""main"", 10], 1]]",25.922531780807645,2.128762683763906,3.8491003195364812
19,3,"[[[""main"", 10], 2]]",0.0,3.2716973265663434,0.06920596951159769
19,4,"[[[""main"", 10], 3]]",0.0,17.115937172181326,1.9729219712932642
19,5,"[[[""main"", 10], 1], [[""miniA"", 12], 1]]",1.34765625,0.0,0.011650941497345003
19,6,"[[[""main"", 10], 1], [[""miniA"", 12], 2]]",9.541215897718951,0.0,0.6016176561104556
19,7,"[[[""main"", 10], 1], [[""miniA"", 12], 3]]",15.033659633088693,0.0,1.5154940861561053
19,8,"[[[""main"", 10], 3], [[""miniA"", 1], 1]]",0.0,3.1102509426144165,0.06250456023902334
19,9,"[[[""main"", 10], 3], [[""miniA"", 1], 2]]",0.0,8.483652511668788,0.4740711463776272
19,10,"[[[""main"", 10], 3], [[""miniA"", 1], 3]]",0.0,4.8335027724750805,0.1519552388063872
20,1,[],23.53303214022316,31.21933467879196,0.0
20,2,"[[[""main"", 10], 1]]",23.53303214022316,2.0925650256788018,3.1173260414821433
20,3,"[[[""main"", 10], 2]]",0.0,4.09340104132359,0.10867986125744082
20,4,"[[[""main"", 10], 3]]",0.0,19.291413372113215,2.515949336936766
20,5,"[[[""main"", 10], 1], [[""miniA"", 12], 1]]",2.20703125,0.0,0.03135903551322157
20,6,"[[[""main"", 10], 1], [[""miniA"", 12], 2]]",4.360917836104684,0.0,0.12347467865688395
20,7,"[[[""main"", 10], 1], [[""miniA"", 12], 3]]",16.965083054118477,0.0,1.9377313115086963
20,8,"[[[""main"", 10], 3], [[""miniA"", 1], 1]]",0.0,3.6146621766751705,0.0845892050744642
20,9,"[[[""main"", 10], 3], [[""miniA"", 1], 2]]",0.0,9.660113806370195,0.6169281597885738
20,10,"[[[""main"", 10], 3], [[""miniA"", 1], 3]]",0.0,5.142892261766458,0.17222776243835147
21,1,[],32.01528398779844,31.460603733951608,0.0
21,2,"[[[""main"", 10], 1]]",32.01528398779844,4.083912806577356,5.3174647157783115
21,3,"[[[""main"", 10], 2]]",0.0,3.5792296919815136,0.08292754888548082
21,4,"[[[""main"", 10], 3]]",0.0,16.553680375597892,1.8433885951310536
21,5,"[[[""main"", 10], 1], [[""miniA"", 12], 1]]",3.30078125,0.0,0.07044991087293236
21,6,"[[[""main"", 10], 1], [[""miniA"", 12], 2]]",4.894774609293646,0.0,0.15586762974910834
21,7,"[[[""main"", 10], 1], [[""miniA"", 12], 3]]",23.819728128504792,0.0,3.8575952659553154
21,8,"[[[""main"", 10], 3], [[""miniA"", 1], 1]]",0.0,3.083045559461575,0.06140927744652528
21,9,"[[[""main"", 10], 3], [[""miniA"", 1], 2]]",0.0,7.870492489684225,0.4072090392203118
21,10,"[[[""main"", 10], 3], [[""miniA"", 1], 3]]",0.0,4.970735845782666,0.16078816400259102
22,1,[],26.108050702457447,25.294430539757478,0.0
22,2,"[[[""main"", 10], 1]]",26.108050702457447,2.314286572999141,3.8490986947999972
22,3,"[[[""main"", 10], 2]]",0.0,3.1121285124532463,0.06258051205370642
22,4,"[[[""main"", 10], 3]]",0.0,14.540274058244856,1.4160621892065315
22,5,"[[[""main"", 10], 1], [[""miniA"", 12], 1]]",3.65234375,0.0,0.08637465885062011
22,6,"[[[""main"", 10], 1], [[""miniA"", 12], 2]]",4.932024141519805,0.0,0.15827082848931226
22,7,"[[[""main"", 10], 1], [[""miniA"", 12], 3]]",17.523682810937643,0.0,2.069641085659209
22,8,"[[[""main"", 10], 3], [[""miniA"", 1], 1]]",0.0,2.452112667365286,0.03874884019844903
22,9,"[[[""main"", 10], 3], [[""miniA"", 1], 2]]",0.0,7.156414244568646,0.3358680622093455
22,10,"[[[""main"", 10], 3], [[""miniA"", 1], 3]]",0.0,4.429696932012328,0.12743331189080184
23,1,[],43.98115448709256,41.744145938163285,0.0
23,2,"[[[""main"", 10], 1]]",43.98115448709256,6.412659519708352,9.581653048103538
23,3,"[[[""main"", 10], 2]]",0.0,3.5926659332879813,0.08355569507152302
23,4,"[[[""main"", 10], 3]]",0.0,19.501666411332486,2.5719453306594096
23,5,"[[[""main"", 10], 1], [[""miniA"", 12], 1]]",5.17578125,0.0,0.17445867891829414
23,6,"[[[""main"", 10], 1], [[""miniA"", 12], 2]]",10.31421425720366,0.0,0.7046769684432737
23,7,"[[[""main"", 10], 1], [[""miniA"", 12], 3]]",28.4911589798889,0.0,5.533523872346784
23,8,"[[[""main"", 10], 3], [[""miniA"", 1], 1]]",0.0,3.407184419330984,0.07509645388263515
23,9,"[[[""main"", 10], 3], [[""miniA"", 1], 2]]",0.0,10.149085428561518,0.6819619580796019
23,10,"[[[""main"", 10], 3], [[""miniA"", 1], 3]]",0.0,5.024050031909152,0.1642881195685969
24,1,[],42.55808614469662,36.69472806702881,0.0
24,2,"[[[""main"", 10], 1]]",42.55808614469662,5.574056563419452,9.291614689954036
24,3,"[[[""main"", 10], 2]]",0.0,2.9351332671489216,0.05562561970410958
24,4,"[[[""main"", 10], 3]]",0.0,16.912709281664032,1.9255886451382593
24,5,"[[[""main"", 10], 1], [[""miniA"", 12], 1]]",5.52734375,0.0,0.1992187609915175
24,6,"[[[""main"", 10], 1], [[""miniA"", 12], 2]]",11.207843718418786,0.0,0.8342115987005396
24,7,"[[[""main"", 10], 1], [[""miniA"", 12], 3]]",25.822898676277827,0.0,4.540626203727395
24,8,"[[[""main"", 10], 3], [[""miniA"", 1], 1]]",0.0,2.394742186461239,0.0369483079413778
24,9,"[[[""main"", 10], 3], [[""miniA"", 1], 2]]",0.0,8.996841578611425,0.5340269678284163
24,10,"[[[""main"", 10], 3], [[""miniA"", 1], 3]]",0.0,4.8002943473989435,0.14985589342263184
25,1,[],44.42224232887868,42.031792440990465,0.0
25,2,"[[[""main"", 10], 1]]",44.42224232887868,6.024512922435322,9.999666349288026
25,3,"[[[""main"", 10], 2]]",0.0,3.320280744042401,0.07129019929755065
25,4,"[[[""main"", 10], 3]]",0.0,19.928516487784375,2.687525738142791
25,5,"[[[""main"", 10], 1], [[""miniA"", 12], 1]]",6.3671875,0.0,0.26514999760108815
25,6,"[[[""main"", 10], 1], [[""miniA"", 12], 2]]",11.14138853086619,0.0,0.8241943049041531
25,7,"[[[""main"", 10], 1], [[""miniA"", 12], 3]]",26.91366629801249,0.0,4.935168619930081
25,8,"[[[""main"", 10], 3], [[""miniA"", 1], 1]]",0.0,3.322168697370988,0.07137182428382623
25,9,"[[[""main"", 10], 3], [[""miniA"", 1], 2]]",0.0,10.729739127611696,0.7635202286637807
25,10,"[[[""main"", 10], 3], [[""miniA"", 1], 3]]",0.0,4.88638750717849,0.15532910267559188
26,1,[],41.37072095581492,39.642336957424185,0.0
26,2,"[[[""main"", 10], 1]]",41.37072095581492,5.977475920064755,8.521817851002341
26,3,"[[[""main"", 10], 2]]",0.0,3.4054391524311987,0.07501902763604454
26,4,"[[[""main"", 10], 3]]",0.0,19.176879179346066,2.485705826943779
26,5,"[[[""main"", 10], 1], [[""miniA"", 12], 1]]",6.54296875,0.0,0.28016410023399874
26,6,"[[[""main"", 10], 1], [[""miniA"", 12], 2]]",6.6643221902502665,0.0,0.2907753590802872
26,7,"[[[""main"", 10], 1], [[""miniA"", 12], 3]]",28.163430015564646,0.0,5.406536460750469
26,8,"[[[""main"", 10], 3], [[""miniA"", 1], 1]]",0.0,3.1562116735352523,0.06437718036553654
26,9,"[[[""main"", 10], 3], [[""miniA"", 1], 2]]",0.0,10.697216089278562,0.7588275781296822
26,10,"[[[""main"", 10], 3], [[""miniA"", 1], 3]]",0.0,4.375914253788346,0.12433240424868665
27,1,[],41.90394588051037,46.51401851963371,0.0
27,2,"[[[""main"", 10], 1]]",41.90394588051037,6.654970079068601,8.453446286298307
27,3,"[[[""main"", 10], 2]]",0.0,4.682306380457317,0.1425169819134192
27,4,"[[[""main"", 10], 3]]",0.0,22.990120830316577,3.5906579615794922
27,5,"[[[""main"", 10], 1], [[""miniA"", 12], 1]]",7.48046875,0.0,0.36737480456876237
27,6,"[[[""main"", 10], 1], [[""miniA"", 12], 2]]",4.35394330453717,0.0,0.1230767943671002
27,7,"[[[""main"", 10], 1], [[""miniA"", 12], 3]]",30.069533825973203,0.0,6.164518480132738
27,8,"[[[""main"", 10], 3], [[""miniA"", 1], 1]]",0.0,4.162510357078791,0.11241017740064208
27,9,"[[[""main"", 10], 3], [[""miniA"", 1], 2]]",0.0,12.719039217529112,1.0787213952425616
27,10,"[[[""main"", 10], 3], [[""miniA"", 1], 3]]",0.0,4.769516249507127,0.14792343355834253
28,1,[],40.419911759016685,43.58335866140689,0.0
28,2,"[[[""main"", 10], 1]]",40.419911759016685,5.907593581861844,8.108130102826086
28,3,"[[[""main"", 10], 2]]",0.0,4.8492881773435546,0.1529583521076829
28,4,"[[[""main"", 10], 3]]",0.0,21.446333119574184,3.119055327693541
28,5,"[[[""main"", 10], 1], [[""miniA"", 12], 1]]",7.65625,0.0,0.3850688103451901
28,6,"[[[""main"", 10], 1], [[""miniA"", 12], 2]]",4.666661355572713,0.0,0.14155790550911154
28,7,"[[[""main"", 10], 1], [[""miniA"", 12], 3]]",28.09700040344397,0.0,5.380966866007543
28,8,"[[[""main"", 10], 3], [[""miniA"", 1], 1]]",0.0,3.6366867816547948,0.08563049588738884
28,9,"[[[""main"", 10], 3], [[""miniA"", 1], 2]]",0.0,11.927004916265048,0.9465743880522086
28,10,"[[[""main"", 10], 3], [[""miniA"", 1], 3]]",0.0,4.706434026936327,0.14400251077841525
29,1,[],54.15192074178073,49.06265564376741,0.0
29,2,"[[[""main"", 10], 1]]",54.15192074178073,9.593309284766102,13.330926908079295
29,3,"[[[""main"", 10], 2]]",0.0,4.237691757307819,0.11654078428658758
29,4,"[[[""main"", 10], 3]]",0.0,19.27308865976377,2.5110982495638297
29,5,"[[[""main"", 10], 1], [[""miniA"", 12], 1]]",7.65625,0.0,0.3850688103451901
29,6,"[[[""main"", 10], 1], [[""miniA"", 12], 2]]",11.515040628504792,0.0,0.8813215201371497
29,7,"[[[""main"", 10], 1], [[""miniA"", 12], 3]]",34.980630113275936,0.0,8.326918954283762
29,8,"[[[""main"", 10], 3], [[""miniA"", 1], 1]]",0.0,3.753412931902425,0.09125690891389905
29,9,"[[[""main"", 10], 3], [[""miniA"", 1], 2]]",0.0,10.069966818846808,0.6712132020038812
29,10,"[[[""main"", 10], 3], [[""miniA"", 1], 3]]",0.0,4.552575233835723,0.13466356426102938
30,1,[],40.727809733128915,42.485141709703754,0.0
30,2,"[[[""main"", 10], 1]]",40.727809733128915,5.976063048355766,8.219665223250932
30,3,"[[[""main"", 10], 2]]",0.0,4.763156279658572,0.14752569950068067
30,4,"[[[""main"", 10], 3]]",0.0,20.525341871701507,2.8533895872362995
30,5,"[[[""main"", 10], 1], [[""miniA"", 12], 1]]",7.65625,0.0,0.3850688103451901
30,6,"[[[""main"", 10], 1], [[""miniA"", 12], 2]]",4.8220203968244055,0.0,0.1512276762848699
30,7,"[[[""main"", 10], 1], [[""miniA"", 12], 3]]",28.249539336304508,0.0,5.4397665617257065
30,8,"[[[""main"", 10], 3], [[""miniA"", 1], 1]]",0.0,4.065437660173529,0.10718862181386529
30,9,"[[[""main"", 10], 3], [[""miniA"", 1], 2]]",0.0,10.754222203824412,0.7670625712818789
30,10,"[[[""main"", 10], 3], [[""miniA"", 1], 3]]",0.0,4.688531315014649,0.1428994995931705
31,1,[],43.040416940418496,46.91167621343412,0.0
31,2,"[[[""main"", 10], 1]]",43.040416940418496,6.762336680007049,8.94642516840467
31,3,"[[[""main"", 10], 2]]",0.0,5.602220284036366,0.20470818690850962
31,4,"[[[""main"", 10], 3]]",0.0,22.085620433197818,3.310365460879705
31,5,"[[[""main"", 10], 1], [[""miniA"", 12], 1]]",7.65625,0.0,0.3850688103451901
31,6,"[[[""main"", 10], 1], [[""miniA"", 12], 2]]",5.230447961869365,0.0,0.1781991200925352
31,7,"[[[""main"", 10], 1], [[""miniA"", 12], 3]]",30.15371897854913,0.0,6.199068749569324
31,8,"[[[""main"", 10], 3], [[""miniA"", 1], 1]]",0.0,4.38163300998303,0.12466028431061277
31,9,"[[[""main"", 10], 3], [[""miniA"", 1], 2]]",0.0,11.399398787953105,0.8634321968318769
31,10,"[[[""main"", 10], 3], [[""miniA"", 1], 3]]",0.0,5.144181233363919,0.17231492075527433
32,1,[],46.503333483183766,50.4841638454919,0.0
32,2,"[[[""main"", 10], 1]]",46.503333483183766,8.615819420739278,9.74157119148974
32,3,"[[[""main"", 10], 2]]",0.0,5.65175735736644,0.20838164184487548
32,4,"[[[""main"", 10], 3]]",0.0,22.751128816828494,3.5155054172230726
32,5,"[[[""main"", 10], 1], [[""miniA"", 12], 1]]",7.65625,0.0,0.3850688103451901
32,6,"[[[""main"", 10], 1], [[""miniA"", 12], 2]]",4.333209205130745,0.0,0.12189780022573377
32,7,"[[[""main"", 10], 1], [[""miniA"", 12], 3]]",34.51387427805302,0.0,8.108852810168354
32,8,"[[[""main"", 10], 3], [[""miniA"", 1], 1]]",0.0,4.971985051392203,0.16086973330031287
32,9,"[[[""main"", 10], 3], [[""miniA"", 1], 2]]",0.0,11.534307541116661,0.8843202469395837
32,10,"[[[""main"", 10], 3], [[""miniA"", 1], 3]]",0.0,5.034657217594323,0.16498902648541353
33,1,[],45.51045263753832,48.3351637947864,0.0
33,2,"[[[""main"", 10], 1]]",45.51045263753832,7.352872204182464,9.87782946144928
33,3,"[[[""main"", 10], 2]]",0.0,5.382033656585493,0.18878217406684666
33,4,"[[[""main"", 10], 3]]",0.0,22.191156388141756,3.342489910360563
33,5,"[[[""main"", 10], 1], [[""miniA"", 12], 1]]",7.734375,0.0,0.39306921240835796
33,6,"[[[""main"", 10], 1], [[""miniA"", 12], 2]]",6.455525833419841,0.0,0.27264261156395364
33,7,"[[[""main"", 10], 1], [[""miniA"", 12], 3]]",31.320551804118477,0.0,6.687160380210153
33,8,"[[[""main"", 10], 3], [[""miniA"", 1], 1]]",0.0,4.906956021026069,0.15665147225076023
33,9,"[[[""main"", 10], 3], [[""miniA"", 1], 2]]",0.0,10.997831939073386,0.8027659294263865
33,10,"[[[""main"", 10], 3], [[""miniA"", 1], 3]]",0.0,5.153973251971995,0.17297777439316045
34,1,[],50.51660429926824,50.47078237634608,0.0
34,2,"[[[""main"", 10], 1]]",50.51660429926824,8.940401742612707,11.670261953151726
34,3,"[[[""main"", 10], 2]]",0.0,5.313031839367095,0.18392626555845532
34,4,"[[[""main"", 10], 3]]",0.0,21.290022552015216,3.0731380236408747
34,5,"[[[""main"", 10], 1], [[""miniA"", 12], 1]]",7.65625,0.0,0.3850688103451901
34,6,"[[[""main"", 10], 1], [[""miniA"", 12], 2]]",8.381028279601416,0.0,0.46251879437704807
34,7,"[[[""main"", 10], 1], [[""miniA"", 12], 3]]",34.47932601966682,0.0,8.09281413789047
34,8,"[[[""main"", 10], 3], [[""miniA"", 1], 1]]",0.0,5.00837070092557,0.1632548307113168
34,9,"[[[""main"", 10], 3], [[""miniA"", 1], 2]]",0.0,10.426014361869042,0.720272108908331
34,10,"[[[""main"", 10], 3], [[""miniA"", 1], 3]]",0.0,4.820950570798589,0.15115997880237048
35,1,[],43.635871089268605,50.36084592008761,0.0
35,2,"[[[""main"", 10], 1]]",43.635871089268605,7.4408918933717185,8.906164166570997
35,3,"[[[""main"", 10], 2]]",0.0,6.025247475789499,0.2371496075950997
35,4,"[[[""main"", 10], 3]]",0.0,23.875511643982378,3.8758811327779186
35,5,"[[[""main"", 10], 1], [[""miniA"", 12], 1]]",6.97265625,0.0,0.3186417101907727
35,6,"[[[""main"", 10], 1], [[""miniA"", 12], 2]]",4.658702062514684,0.0,0.14107124454357142
35,7,"[[[""main"", 10], 1], [[""miniA"", 12], 3]]",32.00451277675392,0.0,6.981178938637375
35,8,"[[[""main"", 10], 3], [[""miniA"", 1], 1]]",0.0,5.653296080436386,0.20849627936343706
35,9,"[[[""main"", 10], 3], [[""miniA"", 1], 2]]",0.0,11.764654166975397,0.9205747396579866
35,10,"[[[""main"", 10], 3], [[""miniA"", 1], 3]]",0.0,5.155414903775524,0.17307547377365054
36,1,[],41.715943534934766,47.831245703343455,0.0
36,2,"[[[""main"", 10], 1]]",41.715943534934766,6.355578156464122,8.506214320349946
36,3,"[[[""main"", 10], 2]]",0.0,6.011409894384516,0.23604998163351093
36,4,"[[[""main"", 10], 3]]",0.0,23.097359246910568,3.6246341036007896
36,5,"[[[""main"", 10], 1], [[""miniA"", 12], 1]]",6.3671875,0.0,0.26514999760108815
36,6,"[[[""main"", 10], 1], [[""miniA"", 12], 2]]",6.053372100063426,0.0,0.23939259832473964
36,7,"[[[""main"", 10], 1], [[""miniA"", 12], 3]]",29.29538393487134,0.0,5.851035560538294
36,8,"[[[""main"", 10], 3], [[""miniA"", 1], 1]]",0.0,5.40139501396174,0.1901562680483604
36,9,"[[[""main"", 10], 3], [[""miniA"", 1], 2]]",0.0,11.289188542200005,0.8465574907636896
36,10,"[[[""main"", 10], 3], [[""miniA"", 1], 3]]",0.0,5.194338069515711,0.175723862421061
37,1,[],33.34370408581459,41.80516644158698,0.0
37,2,"[[[""main"", 10], 1]]",33.34370408581459,3.8798431459136338,5.918606024464819
37,3,"[[[""main"", 10], 2]]",0.0,5.70577493105368,0.21242525591144282
37,4,"[[[""main"", 10], 3]]",0.0,22.615357007464805,3.473160076778599
37,5,"[[[""main"", 10], 1], [[""miniA"", 12], 1]]",5.60546875,0.0,0.20494806044648312
37,6,"[[[""main"", 10], 1], [[""miniA"", 12], 2]]",4.997095959202326,0.0,0.16251385814754205
37,7,"[[[""main"", 10], 1], [[""miniA"", 12], 3]]",22.74113937661227,0.0,3.5123812273196084
37,8,"[[[""main"", 10], 3], [[""miniA"", 1], 1]]",0.0,5.170298888378072,0.1740857870125765
37,9,"[[[""main"", 10], 3], [[""miniA"", 1], 2]]",0.0,10.949715166833471,0.7956481711199991
37,10,"[[[""main"", 10], 3], [[""miniA"", 1], 3]]",0.0,5.339806163536049,0.1858028305846368
38,1,[],26.06650245018544,39.40109302237591,0.0
38,2,"[[[""main"", 10], 1]]",26.06650245018544,2.658695937375713,3.723879364952093
38,3,"[[[""main"", 10], 2]]",0.0,5.634378363661797,0.20708910458420493
38,4,"[[[""main"", 10], 3]]",0.0,23.442120431430038,3.734929820372062
38,5,"[[[""main"", 10], 1], [[""miniA"", 12], 1]]",4.84375,0.0,0.15260603631880998
38,6,"[[[""main"", 10], 1], [[""miniA"", 12], 2]]",2.0735529083594044,0.0,0.027665539436993188
38,7,"[[[""main"", 10], 1], [[""miniA"", 12], 3]]",19.149199541826032,0.0,2.4784243616199095
38,8,"[[[""main"", 10], 3], [[""miniA"", 1], 1]]",0.0,5.701377858769089,0.2120946237249203
38,9,"[[[""main"", 10], 3], [[""miniA"", 1], 2]]",0.0,11.242338731756405,0.839435671255475
38,10,"[[[""main"", 10], 3], [[""miniA"", 1], 3]]",0.0,5.26620593957577,0.18066760634837908
39,1,[],23.824190868028424,33.98037466805985,0.0
39,2,"[[[""main"", 10], 1]]",23.824190868028424,2.1756565524538507,3.1789547523138273
39,3,"[[[""main"", 10], 2]]",0.0,4.824870385323251,0.15140809576264044
39,4,"[[[""main"", 10], 3]]",0.0,20.736286315704973,2.9131985665013067
39,5,"[[[""main"", 10], 1], [[""miniA"", 12], 1]]",4.3359375,0.0,0.12205260904076552
39,6,"[[[""main"", 10], 1], [[""miniA"", 12], 2]]",2.157229004167146,0.0,0.02995366654970482
39,7,"[[[""main"", 10], 1], [[""miniA"", 12], 3]]",17.331024363861278,0.0,2.02365027686338
39,8,"[[[""main"", 10], 3], [[""miniA"", 1], 1]]",0.0,5.044176035263288,0.16561930698053026
39,9,"[[[""main"", 10], 3], [[""miniA"", 1], 2]]",0.0,10.008030564513113,0.6628596662227463
39,10,"[[[""main"", 10], 3], [[""miniA"", 1], 3]]",0.0,4.71129782252072,0.14430292020457544
40,1,[],23.842308565873566,32.921719959339896,0.0
40,2,"[[[""main"", 10], 1]]",23.842308565873566,2.0203091309808956,3.2307917756094247
40,3,"[[[""main"", 10], 2]]",0.0,4.943766841524351,0.159032296991061
40,4,"[[[""main"", 10], 3]]",0.0,19.89065019016276,2.677169724071405
40,5,"[[[""main"", 10], 1], [[""miniA"", 12], 1]]",4.16015625,0.0,0.112282059120038
40,6,"[[[""main"", 10], 1], [[""miniA"", 12], 2]]",3.1209664207862047,0.0,0.06293865143772213
40,7,"[[[""main"", 10], 1], [[""miniA"", 12], 3]]",16.56118589508736,0.0,1.8450884204231353
40,8,"[[[""main"", 10], 3], [[""miniA"", 1], 1]]",0.0,4.3205920940580365,0.1211831772234406
40,9,"[[[""main"", 10], 3], [[""miniA"", 1], 2]]",0.0,10.2033687879733,0.6893871763613743
40,10,"[[[""main"", 10], 3], [[""miniA"", 1], 3]]",0.0,4.428741091280269,0.12737786326633788
41,1,[],23.33875136533542,28.463587140782913,0.0
41,2,"[[[""main"", 10], 1]]",23.33875136533542,1.618871113517463,3.200224924070829
41,3,"[[[""main"", 10], 2]]",0.0,4.018077041855605,0.10468679080790463
41,4,"[[[""main"", 10], 3]]",0.0,17.465927996791205,2.055799273739909
41,5,"[[[""main"", 10], 1], [[""miniA"", 12], 1]]",2.5390625,0.0,0.041560150810076274
41,6,"[[[""main"", 10], 1], [[""miniA"", 12], 2]]",7.1856841212232645,0.0,0.3386546844022928
41,7,"[[[""main"", 10], 1], [[""miniA"", 12], 3]]",13.614004744112155,0.0,1.2386562783050938
41,8,"[[[""main"", 10], 3], [[""miniA"", 1], 1]]",0.0,3.9431062222882387,0.10078768133663994
41,9,"[[[""main"", 10], 3], [[""miniA"", 1], 2]]",0.0,8.691360169646,0.49789837117995484
41,10,"[[[""main"", 10], 3], [[""miniA"", 1], 3]]",0.0,4.122531120219151,0.11024443212121988
42,1,[],23.57418384224369,25.745145763606434,0.0
42,2,"[[[""main"", 10], 1]]",23.57418384224369,1.6367593145660946,3.265514730929501
42,3,"[[[""main"", 10], 2]]",0.0,3.120592761737262,0.06292348868933188
42,4,"[[[""main"", 10], 3]]",0.0,15.95007243789271,1.7092830297915347
42,5,"[[[""main"", 10], 1], [[""miniA"", 12], 1]]",2.3828125,0.0,0.03657933203816061
42,6,"[[[""main"", 10], 1], [[""miniA"", 12], 2]]",7.768034633088694,0.0,0.396542020950344
42,7,"[[[""main"", 10], 1], [[""miniA"", 12], 3]]",13.423336709155,0.0,1.2036379615775898
42,8,"[[[""main"", 10], 3], [[""miniA"", 1], 1]]",0.0,3.046696621108848,0.05996115719766937
42,9,"[[[""main"", 10], 3], [[""miniA"", 1], 2]]",0.0,7.7882029948109,0.39863034901717825
42,10,"[[[""main"", 10], 3], [[""miniA"", 1], 3]]",0.0,4.52363863756103,0.13294267819708253
43,1,[],13.690110109160141,20.830869250372896,0.0
43,2,"[[[""main"", 10], 1]]",13.690110109160141,0.6012903843578365,1.1434367030466481
43,3,"[[[""main"", 10], 2]]",0.0,2.8559703510691623,0.052648942669975426
43,4,"[[[""main"", 10], 3]]",0.0,14.724695750847939,1.4528271183813346
43,5,"[[[""main"", 10], 1], [[""miniA"", 12], 1]]",0.15625,0.0,0.00015582354893128191
43,6,"[[[""main"", 10], 1], [[""miniA"", 12], 2]]",6.455525833419841,0.0,0.27264261156395364
43,7,"[[[""main"", 10], 1], [[""miniA"", 12], 3]]",7.0783342757403,0.0,0.3284919492449517
43,8,"[[[""main"", 10], 3], [[""miniA"", 1], 1]]",0.0,2.565242431656202,0.04242608731363806
43,9,"[[[""main"", 10], 3], [[""miniA"", 1], 2]]",0.0,7.569239777628732,0.3762573355963047
43,10,"[[[""main"", 10], 3], [[""miniA"", 1], 3]]",0.0,4.064396802320703,0.10713331633236123
44,1,[],13.614750392305325,19.734402381015727,0.0
44,2,"[[[""main"", 10], 1]]",13.614750392305325,0.6105737276478744,1.1284535716874504
44,3,"[[[""main"", 10], 2]]",0.0,2.60920414627327,0.043900465094175146
44,4,"[[[""main"", 10], 3]]",0.0,14.026166544216522,1.3161039260964313
44,5,"[[[""main"", 10], 1], [[""miniA"", 12], 1]]",0.0,0.0,0.0
44,6,"[[[""main"", 10], 1], [[""miniA"", 12], 2]]",7.312487412085265,0.0,0.35086263273424023
44,7,"[[[""main"", 10], 1], [[""miniA"", 12], 3]]",6.30226298022006,0.0,0.25971109491363414
44,8,"[[[""main"", 10], 3], [[""miniA"", 1], 1]]",0.0,1.894415284162024,0.023074898412185015
44,9,"[[[""main"", 10], 3], [[""miniA"", 1], 2]]",0.0,7.439879665836148,0.3633494880544521
44,10,"[[[""main"", 10], 3], [[""miniA"", 1], 3]]",0.0,4.191455672321508,0.11399153543020508
45,1,[],10.052773595909343,17.68076248530203,0.0
45,2,"[[[""main"", 10], 1]]",10.052773595909343,0.32955030773684535,0.6251346746511668
45,3,"[[[""main"", 10], 2]]",0.0,2.207005471156388,0.031358299654637434
45,4,"[[[""main"", 10], 3]]",0.0,13.305467733399695,1.1822459987032965
45,5,"[[[""main"", 10], 1], [[""miniA"", 12], 1]]",0.0,0.0,0.0
45,6,"[[[""main"", 10], 1], [[""miniA"", 12], 2]]",4.804191999789627,0.0,0.15010152376824187
45,7,"[[[""main"", 10], 1], [[""miniA"", 12], 3]]",5.248581596119717,0.0,0.17944878396860348
45,8,"[[[""main"", 10], 3], [[""miniA"", 1], 1]]",0.0,1.7229592010436718,0.01907356503060237
45,9,"[[[""main"", 10], 3], [[""miniA"", 1], 2]]",0.0,6.900331008809063,0.3119884187986912
45,10,"[[[""main"", 10], 3], [[""miniA"", 1], 3]]",0.0,4.234738443051237,0.11637709666643026
46,1,[],13.168246562984478,22.75419442705332,0.0
46,2,"[[[""main"", 10], 1]]",13.168246562984478,0.6150537336558143,1.0503211909034142
46,3,"[[[""main"", 10], 2]]",0.0,2.9304128683479282,0.05544580364353944
46,4,"[[[""main"", 10], 3]]",0.0,16.313539765966212,1.7894210645364113
46,5,"[[[""main"", 10], 1], [[""miniA"", 12], 1]]",0.0,0.0,0.0
46,6,"[[[""main"", 10], 1], [[""miniA"", 12], 2]]",4.717182196134277,0.0,0.14466679009900826
46,7,"[[[""main"", 10], 1], [[""miniA"", 12], 3]]",8.451064366850202,0.0,0.470386943556806
46,8,"[[[""main"", 10], 3], [[""miniA"", 1], 1]]",0.0,2.592557146626092,0.04333917004274862
46,9,"[[[""main"", 10], 3], [[""miniA"", 1], 2]]",0.0,8.393885859470064,0.46395818903109654
46,10,"[[[""main"", 10], 3], [[""miniA"", 1], 3]]",0.0,4.677572936993468,0.1422264638027444
47,1,[],13.304613322465272,21.433413113944752,0.0
47,2,"[[[""main"", 10], 1]]",13.304613322465272,0.6471631927895243,1.0681294976126956
47,3,"[[[""main"", 10], 2]]",0.0,2.875326130205847,0.053369115559301426
47,4,"[[[""main"", 10], 3]]",0.0,15.232821932918261,1.5566032448591225
47,5,"[[[""main"", 10], 1], [[""miniA"", 12], 1]]",0.0,0.0,0.0
47,6,"[[[""main"", 10], 1], [[""miniA"", 12], 2]]",4.42512385298432,0.0,0.12716813701115998
47,7,"[[[""main"", 10], 1], [[""miniA"", 12], 3]]",8.879489469480953,0.0,0.5199950557783642
47,8,"[[[""main"", 10], 3], [[""miniA"", 1], 1]]",0.0,2.1108777382944433,0.028674865562625367
47,9,"[[[""main"", 10], 3], [[""miniA"", 1], 2]]",0.0,8.204765631953181,0.4430165777768524
47,10,"[[[""main"", 10], 3], [[""miniA"", 1], 3]]",0.0,4.324105178053342,0.12138194127781744
48,1,[],16.007861196315353,23.351175489290387,0.0
48,2,"[[[""main"", 10], 1]]",16.007861196315353,0.843031717234766,1.5425060472679157
48,3,"[[[""main"", 10], 2]]",0.0,3.1206101447410646,0.06292419403502254
48,4,"[[[""main"", 10], 3]]",0.0,16.050798481877806,1.731304904133813
48,5,"[[[""main"", 10], 1], [[""miniA"", 12], 1]]",0.0,0.0,0.0
48,6,"[[[""main"", 10], 1], [[""miniA"", 12], 2]]",8.173243770037525,0.0,0.4395741230492252
48,7,"[[[""main"", 10], 1], [[""miniA"", 12], 3]]",7.834617426277828,0.0,0.4034575941855408
48,8,"[[[""main"", 10], 3], [[""miniA"", 1], 1]]",0.0,2.3078989495860593,0.034305013124095535
48,9,"[[[""main"", 10], 3], [[""miniA"", 1], 2]]",0.0,8.546602896585696,0.4812294843328519
48,10,"[[[""main"", 10], 3], [[""miniA"", 1], 3]]",0.0,4.5464630097511884,0.1342991284979156
49,1,[],10.093471248467248,20.294307236964496,0.0
49,2,"[[[""main"", 10], 1]]",10.093471248467248,0.331577992816094,0.6301905549209089
49,3,"[[[""main"", 10], 2]]",0.0,2.5257796940788864,0.041124251310309154
49,4,"[[[""main"", 10], 3]]",0.0,15.21312256635285,1.5525121774854467
49,5,"[[[""main"", 10], 1], [[""miniA"", 12], 1]]",0.0,0.0,0.0
49,6,"[[[""main"", 10], 1], [[""miniA"", 12], 2]]",5.046735624233624,0.0,0.165788996408047
49,7,"[[[""main"", 10], 1], [[""miniA"", 12], 3]]",5.046735624233624,0.0,0.165788996408047
49,8,"[[[""main"", 10], 3], [[""miniA"", 1], 1]]",0.0,2.241340060430874,0.03234610150196762
49,9,"[[[""main"", 10], 3], [[""miniA"", 1], 2]]",0.0,7.714747217752491,0.3910513273824451
49,10,"[[[""main"", 10], 3], [[""miniA"", 1], 3]]",0.0,4.6906104804777256,0.14302737880734567
50,1,[],10.077795262230797,20.774102074148644,0.0
50,2,"[[[""main"", 10], 1]]",10.077795262230797,0.33900294487957294,0.627167734569393
50,3,"[[[""main"", 10], 2]]",0.0,2.8308131485589194,0.05172030471328499
50,4,"[[[""main"", 10], 3]]",0.0,15.345325661273796,1.580072280153676
50,5,"[[[""main"", 10], 1], [[""miniA"", 12], 1]]",0.0,0.0,0.0
50,6,"[[[""main"", 10], 1], [[""miniA"", 12], 2]]",4.2465426862575955,0.0,0.117032046677156
50,7,"[[[""main"", 10], 1], [[""miniA"", 12], 3]]",5.831252575973203,0.0,0.22197089820241694
50,8,"[[[""main"", 10], 3], [[""miniA"", 1], 1]]",0.0,2.257419584330065,0.032814020291135296
50,9,"[[[""main"", 10], 3], [[""miniA"", 1], 2]]",0.0,8.060878865699278,0.42741446539676087
50,10,"[[[""main"", 10], 3], [[""miniA"", 1], 3]]",0.0,4.43883470996072,0.12796401559583825
51,1,[],13.793600332181626,21.159661890832503,0.0
51,2,"[[[""main"", 10], 1]]",13.793600332181626,0.7088540035470997,1.1427133401447398
51,3,"[[[""main"", 10], 2]]",0.0,2.8706519412089775,0.0531947495386207
51,4,"[[[""main"", 10], 3]]",0.0,14.896699360479086,1.4875484959139789
51,5,"[[[""main"", 10], 1], [[""miniA"", 12], 1]]",0.0,0.0,0.0
51,6,"[[[""main"", 10], 1], [[""miniA"", 12], 2]]",4.3962674671174256,0.0,0.1255013344226904
51,7,"[[[""main"", 10], 1], [[""miniA"", 12], 3]]",9.3973328650642,0.0,0.5833526691244093
51,8,"[[[""main"", 10], 3], [[""miniA"", 1], 1]]",0.0,2.0408041502243957,0.02679497106940803
51,9,"[[[""main"", 10], 3], [[""miniA"", 1], 2]]",0.0,7.957767010806469,0.41640934129849394
51,10,"[[[""main"", 10], 3], [[""miniA"", 1], 3]]",0.0,4.333035916239393,0.12188797084092473
52,1,[],14.481119508608217,22.645490776768803,0.0
52,2,"[[[""main"", 10], 1]]",14.481119508608217,0.8042457123781108,1.2503151036470384
52,3,"[[[""main"", 10], 2]]",0.0,3.05463042595259,0.060275744444316236
52,4,"[[[""main"", 10], 3]]",0.0,15.799412857619988,1.6766109327267609
52,5,"[[[""main"", 10], 1], [[""miniA"", 12], 1]]",0.0,0.0,0.0
52,6,"[[[""main"", 10], 1], [[""miniA"", 12], 2]]",4.3263607641358375,0.0,0.12150964547094203
52,7,"[[[""main"", 10], 1], [[""miniA"", 12], 3]]",10.15475874447238,0.0,0.6827360669071688
52,8,"[[[""main"", 10], 3], [[""miniA"", 1], 1]]",0.0,2.320206990752885,0.03467362004705769
52,9,"[[[""main"", 10], 3], [[""miniA"", 1], 2]]",0.0,8.28695605348247,0.45205697788554416
52,10,"[[[""main"", 10], 3], [[""miniA"", 1], 3]]",0.0,4.569824476417769,0.1356947390342612
53,1,[],11.035920534013135,21.211658896236713,0.0
53,2,"[[[""main"", 10], 1]]",11.035920534013135,0.4134539479699493,0.7480982277711674
53,3,"[[[""main"", 10], 2]]",0.0,2.939488072483814,0.05579177007014145
53,4,"[[[""main"", 10], 3]]",0.0,15.45227817804862,1.602548699893023
53,5,"[[[""main"", 10], 1], [[""miniA"", 12], 1]]",0.0,0.0,0.0
53,6,"[[[""main"", 10], 1], [[""miniA"", 12], 2]]",4.417861412213104,0.0,0.12674759278449185
53,7,"[[[""main"", 10], 1], [[""miniA"", 12], 3]]",6.618059121800031,0.0,0.28670635518545745
53,8,"[[[""main"", 10], 3], [[""miniA"", 1], 1]]",0.0,2.5283224791875996,0.04120751786605579
53,9,"[[[""main"", 10], 3], [[""miniA"", 1], 2]]",0.0,8.112215311539755,0.4329482691641263
53,10,"[[[""main"", 10], 3], [[""miniA"", 1], 3]]",0.0,4.221916791121716,0.11566780916936775
54,1,[],8.985088202307615,21.945801908230603,0.0
54,2,"[[[""main"", 10], 1]]",8.985088202307615,0.26223965997548937,0.501562678741166
54,3,"[[[""main"", 10], 2]]",0.0,3.244839013069575,0.06806717729883653
54,4,"[[[""main"", 10], 3]]",0.0,16.12211091652288,1.746982462622655
54,5,"[[[""main"", 10], 1], [[""miniA"", 12], 1]]",0.0,0.0,0.0
54,6,"[[[""main"", 10], 1], [[""miniA"", 12], 2]]",4.447105558940113,0.0,0.12844533509697476
54,7,"[[[""main"", 10], 1], [[""miniA"", 12], 3]]",4.537982643367502,0.0,0.13379432487851464
54,8,"[[[""main"", 10], 3], [[""miniA"", 1], 1]]",0.0,2.7555881131348747,0.04899329880670181
54,9,"[[[""main"", 10], 3], [[""miniA"", 1], 2]]",0.0,8.244861060893903,0.4474151570598124
54,10,"[[[""main"", 10], 3], [[""miniA"", 1], 3]]",0.0,4.494058172305973,0.13119511432161626
55,1,[],16.233367287120515,25.48834616350933,0.0
55,2,"[[[""main"", 10], 1]]",16.233367287120515,1.0293490703046477,1.5506232791042185
55,3,"[[[""main"", 10], 2]]",0.0,3.6226947360529027,0.08496822505465967
55,4,"[[[""main"", 10], 3]]",0.0,17.20650724295215,1.9942036100407525
55,5,"[[[""main"", 10], 1], [[""miniA"", 12], 1]]",0.0,0.0,0.0
55,6,"[[[""main"", 10], 1], [[""miniA"", 12], 2]]",4.683362557522841,0.0,0.14258184654066072
55,7,"[[[""main"", 10], 1], [[""miniA"", 12], 3]]",11.550004729597676,0.0,0.8867672237639871
55,8,"[[[""main"", 10], 3], [[""miniA"", 1], 1]]",0.0,3.060571225103851,0.06051185107881168
55,9,"[[[""main"", 10], 3], [[""miniA"", 1], 2]]",0.0,9.106468506006975,0.5473076813461818
55,10,"[[[""main"", 10], 3], [[""miniA"", 1], 3]]",0.0,4.311006308103938,0.1206416713123934
56,1,[],9.06827684098473,20.897196715839172,0.0
56,2,"[[[""main"", 10], 1]]",9.06827684098473,0.2671334380412589,0.5107333727861653
56,3,"[[[""main"", 10], 2]]",0.0,3.1362109664457085,0.06355883699083958
56,4,"[[[""main"", 10], 3]]",0.0,15.340498469134365,1.579061632440834
56,5,"[[[""main"", 10], 1], [[""miniA"", 12], 1]]",0.0,0.0,0.0
56,6,"[[[""main"", 10], 1], [[""miniA"", 12], 2]]",4.522505540773332,0.0,0.13287552050725285
56,7,"[[[""main"", 10], 1], [[""miniA"", 12], 3]]",4.545771300211397,0.0,0.134257917534006
56,8,"[[[""main"", 10], 3], [[""miniA"", 1], 1]]",0.0,2.5243184574632913,0.041076439830564124
56,9,"[[[""main"", 10], 3], [[""miniA"", 1], 2]]",0.0,7.98331579786975,0.419122503108363
56,10,"[[[""main"", 10], 3], [[""miniA"", 1], 3]]",0.0,4.2551542416631545,0.11751102919924296
57,1,[],16.27402264679639,26.248816371470483,0.0
57,2,"[[[""main"", 10], 1]]",16.27402264679639,0.9090601550965562,1.584186941236675
57,3,"[[[""main"", 10], 2]]",0.0,3.861925367772031,0.09665017986092259
57,4,"[[[""main"", 10], 3]]",0.0,17.687770696833052,2.1092230306712425
57,5,"[[[""main"", 10], 1], [[""miniA"", 12], 1]]",0.0,0.0,0.0
57,6,"[[[""main"", 10], 1], [[""miniA"", 12], 2]]",9.792178668247258,0.0,0.6341647359985803
57,7,"[[[""main"", 10], 1], [[""miniA"", 12], 3]]",6.481843978549129,0.0,0.27489541909797605
57,8,"[[[""main"", 10], 3], [[""miniA"", 1], 1]]",0.0,3.1136026188846464,0.06264017558016119
57,9,"[[[""main"", 10], 3], [[""miniA"", 1], 2]]",0.0,9.195601655640152,0.5582285753996409
57,10,"[[[""main"", 10], 3], [[""miniA"", 1], 3]]",0.0,4.619038893751379,0.13865877757707132
58,1,[],16.421903860905847,26.733962401975724,0.0
58,2,"[[[""main"", 10], 1]]",16.421903860905847,0.9001625630397517,1.6172329557322302
58,3,"[[[""main"", 10], 2]]",0.0,4.127377974893329,0.11050585639393133
58,4,"[[[""main"", 10], 3]]",0.0,17.833893285605182,2.1447897663113005
58,5,"[[[""main"", 10], 1], [[""miniA"", 12], 1]]",0.0,0.0,0.0
58,6,"[[[""main"", 10], 1], [[""miniA"", 12], 2]]",9.173002938175186,0.0,0.5554492711039581
58,7,"[[[""main"", 10], 1], [[""miniA"", 12], 3]]",7.2489009227306616,0.0,0.3447132919357936
58,8,"[[[""main"", 10], 3], [[""miniA"", 1], 1]]",0.0,3.370234896963273,0.07346587357996674
58,9,"[[[""main"", 10], 3], [[""miniA"", 1], 2]]",0.0,9.193943692002781,0.5580244297189952
58,10,"[[[""main"", 10], 3], [[""miniA"", 1], 3]]",0.0,4.506307059612268,0.13191733372789644
59,1,[],20.49844858616916,29.288230720432413,0.0
59,2,"[[[""main"", 10], 1]]",20.49844858616916,1.3957301549234564,2.466221049723759
59,3,"[[[""main"", 10], 2]]",0.0,4.403973502870776,0.12594535810750648
59,4,"[[[""main"", 10], 3]]",0.0,18.568279903211423,2.3280807515954924
59,5,"[[[""main"", 10], 1], [[""miniA"", 12], 1]]",0.0,0.0,0.0
59,6,"[[[""main"", 10], 1], [[""miniA"", 12], 2]]",10.807451019666823,0.0,0.7747929138326793
59,7,"[[[""main"", 10], 1], [[""miniA"", 12], 3]]",9.690997566502338,0.0,0.6209372410907771
59,8,"[[[""main"", 10], 3], [[""miniA"", 1], 1]]",0.0,3.5967990130455596,0.08374939996417227
59,9,"[[[""main"", 10], 3], [[""miniA"", 1], 2]]",0.0,9.473341328704802,0.5929655793711828
59,10,"[[[""main"", 10], 3], [[""miniA"", 1], 3]]",0.0,4.6791041708163315,0.14232041130937353
60,1,[],20.06701425180649,32.443932647943996,0.0
60,2,"[[[""main"", 10], 1]]",20.06701425180649,1.3353090538562111,2.369897907937158
60,3,"[[[""main"", 10], 2]]",0.0,5.201808692302908,0.1762345136625868
60,4,"[[[""main"", 10], 3]]",0.0,20.511262727483967,2.849419752701165
60,5,"[[[""main"", 10], 1], [[""miniA"", 12], 1]]",0.0,0.0,0.0
60,6,"[[[""main"", 10], 1], [[""miniA"", 12], 2]]",9.590878723733592,0.0,0.6079888349895823
60,7,"[[[""main"", 10], 1], [[""miniA"", 12], 3]]",10.4761355280729,0.0,0.7273202188666288
60,8,"[[[""main"", 10], 3], [[""miniA"", 1], 1]]",0.0,3.8812538065416686,0.09762730886456394
60,9,"[[[""main"", 10], 3], [[""miniA"", 1], 2]]",0.0,10.54255381045263,0.7367140938062434
60,10,"[[[""main"", 10], 3], [[""miniA"", 1], 3]]",0.0,5.084791363652687,0.16832234416617614
62,1,[],9.663983388360485,25.563006867446777,0.0
62,2,"[[[""main"", 10], 1]]",9.663983388360485,0.3056363498806735,0.5784532182336208
62,3,"[[[""main"", 10], 2]]",0.0,4.181655111636756,0.11345485045379992
62,4,"[[[""main"", 10], 3]]",0.0,18.158847690981236,2.2249596462606895
62,5,"[[[""main"", 10], 1], [[""miniA"", 12], 1]]",0.0,0.0,0.0
62,6,"[[[""main"", 10], 1], [[""miniA"", 12], 2]]",5.209485559929586,0.0,0.1767600476458424
62,7,"[[[""main"", 10], 1], [[""miniA"", 12], 3]]",4.4544978284309,0.0,0.1288763022348311
62,8,"[[[""main"", 10], 3], [[""miniA"", 1], 1]]",0.0,3.2933794986633114,0.07013226855810792
62,9,"[[[""main"", 10], 3], [[""miniA"", 1], 2]]",0.0,8.993735307750873,0.5336530880256706
62,10,"[[[""main"", 10], 3], [[""miniA"", 1], 3]]",0.0,5.0986947711436414,0.16925275683963087
63,1,[],14.789926918931512,27.58591466718882,0.0
63,2,"[[[""main"", 10], 1]]",14.789926918931512,0.7331570204089422,1.3219499123419232
63,3,"[[[""main"", 10], 2]]",0.0,4.403637091252781,0.12592595737177253
63,4,"[[[""main"", 10], 3]]",0.0,18.651831550598033,2.349413135215371
63,5,"[[[""main"", 10], 1], [[""miniA"", 12], 1]]",0.0,0.0,0.0
63,6,"[[[""main"", 10], 1], [[""miniA"", 12], 2]]",6.338862552081309,0.0,0.2627700768521361
63,7,"[[[""main"", 10], 1], [[""miniA"", 12], 3]]",8.451064366850202,0.0,0.470386943556806
63,8,"[[[""main"", 10], 3], [[""miniA"", 1], 1]]",0.0,3.6800646439538074,0.08770021111908165
63,9,"[[[""main"", 10], 3], [[""miniA"", 1], 2]]",0.0,9.299338638041654,0.5710776419283471
63,10,"[[[""main"", 10], 3], [[""miniA"", 1], 3]]",0.0,4.860008883744985,0.1536415318101551
64,1,[],14.43034831292271,25.376244169519097,0.0
64,2,"[[[""main"", 10], 1]]",14.43034831292271,0.7851676027270436,1.2444307850172445
64,3,"[[[""main"", 10], 2]]",0.0,3.8340447582161485,0.09524947997477234
64,4,"[[[""main"", 10], 3]]",0.0,17.38166342693593,2.0356881166479592
64,5,"[[[""main"", 10], 1], [[""miniA"", 12], 1]]",0.0,0.0,0.0
64,6,"[[[""main"", 10], 1], [[""miniA"", 12], 2]]",9.94595431866928,0.0,0.6545408875959584
64,7,"[[[""main"", 10], 1], [[""miniA"", 12], 3]]",4.4843939942534305,0.0,0.1306267151310852
64,8,"[[[""main"", 10], 3], [[""miniA"", 1], 1]]",0.0,3.43690476044851,0.07642116105735557
64,9,"[[[""main"", 10], 3], [[""miniA"", 1], 2]]",0.0,8.529347743334291,0.4792618805128991
64,10,"[[[""main"", 10], 3], [[""miniA"", 1], 3]]",0.0,4.715184664323551,0.14454321725932193
65,1,[],16.173560540106855,24.750275551052724,0.0
65,2,"[[[""main"", 10], 1]]",16.173560540106855,0.9918234990401535,1.546005485317783
65,3,"[[[""main"", 10], 2]]",0.0,3.5907933989040246,0.08346800985033688
65,4,"[[[""main"", 10], 3]]",0.0,16.668667624780326,1.8695175331601013
65,5,"[[[""main"", 10], 1], [[""miniA"", 12], 1]]",0.0,0.0,0.0
65,6,"[[[""main"", 10], 1], [[""miniA"", 12], 2]]",11.174534484527223,0.0,0.8291829170871092
65,7,"[[[""main"", 10], 1], [[""miniA"", 12], 3]]",4.99902605557963,0.0,0.16264058195304432
65,8,"[[[""main"", 10], 3], [[""miniA"", 1], 1]]",0.0,3.185250665153342,0.0655747587810035
65,9,"[[[""main"", 10], 3], [[""miniA"", 1], 2]]",0.0,8.115937169459508,0.4333508795492781
65,10,"[[[""main"", 10], 3], [[""miniA"", 1], 3]]",0.0,4.723496395178487,0.14505775665870713
66,1,[],16.32495316727903,26.2607170208867,0.0
66,2,"[[[""main"", 10], 1]]",16.32495316727903,0.8975418403967863,1.5973084658281376
66,3,"[[[""main"", 10], 2]]",0.0,3.8819574192584994,0.09766297325370321
66,4,"[[[""main"", 10], 3]]",0.0,17.679119593821184,2.1071267283283874
66,5,"[[[""main"", 10], 1], [[""miniA"", 12], 1]]",0.0,0.0,0.0
66,6,"[[[""main"", 10], 1], [[""miniA"", 12], 2]]",6.936492237523086,0.0,0.3153059865820475
66,7,"[[[""main"", 10], 1], [[""miniA"", 12], 3]]",9.388460929755944,0.0,0.5822358538147387
66,8,"[[[""main"", 10], 3], [[""miniA"", 1], 1]]",0.0,3.632177155517931,0.08541676203148246
66,9,"[[[""main"", 10], 3], [[""miniA"", 1], 2]]",0.0,8.826557028048011,0.5137283273539685
66,10,"[[[""main"", 10], 3], [[""miniA"", 1], 3]]",0.0,4.490268259795063,0.13097206107472845
67,1,[],18.459896235562283,27.071326401400906,0.0
67,2,"[[[""main"", 10], 1]]",18.459896235562283,1.0798236331496494,2.0353093997404157
67,3,"[[[""main"", 10], 2]]",0.0,4.086831872468467,0.10832859965800473
67,4,"[[[""main"", 10], 3]]",0.0,17.65882077258908,2.1022121237952875
67,5,"[[[""main"", 10], 1], [[""miniA"", 12], 1]]",1.19140625,0.0,0.009099915590478347
67,6,"[[[""main"", 10], 1], [[""miniA"", 12], 2]]",6.109769615829433,0.0,0.2439228129903054
67,7,"[[[""main"", 10], 1], [[""miniA"", 12], 3]]",11.15872036973285,0.0,0.8268009045688655
67,8,"[[[""main"", 10], 3], [[""miniA"", 1], 1]]",0.0,3.779986809236144,0.09256317217221911
67,9,"[[[""main"", 10], 3], [[""miniA"", 1], 2]]",0.0,8.68159909089637,0.49676525958068174
67,10,"[[[""main"", 10], 3], [[""miniA"", 1], 3]]",0.0,4.477674211560926,0.13023222914273913
68,1,[],19.897551957323692,25.129756537763583,0.0
68,2,"[[[""main"", 10], 1]]",19.897551957323692,1.3168520056016824,2.3312456442350706
68,3,"[[[""main"", 10], 2]]",0.0,3.4256165714712496,0.07591663816887316
68,4,"[[[""main"", 10], 3]]",0.0,16.213047496076182,1.767078182210528
68,5,"[[[""main"", 10], 1], [[""miniA"", 12], 1]]",1.77734375,0.0,0.0203012361045444
68,6,"[[[""main"", 10], 1], [[""miniA"", 12], 2]]",5.13733391997727,0.0,0.17185217252345078
68,7,"[[[""main"", 10], 1], [[""miniA"", 12], 3]]",12.982874287346423,0.0,1.1246985969736871
68,8,"[[[""main"", 10], 3], [[""miniA"", 1], 1]]",0.0,3.451708461172207,0.0770853732233582
68,9,"[[[""main"", 10], 3], [[""miniA"", 1], 2]]",0.0,7.917836492705874,0.41218692371330945
68,10,"[[[""main"", 10], 3], [[""miniA"", 1], 3]]",0.0,4.237689581606203,0.11654066365523078
69,1,[],24.225225783387856,28.044398066874628,0.0
69,2,"[[[""main"", 10], 1]]",24.225225783387856,2.0008051541866383,3.352647124369396
69,3,"[[[""main"", 10], 2]]",0.0,3.833369475478814,0.09521568284220067
69,4,"[[[""main"", 10], 3]]",0.0,16.851023986872693,1.9113366431248884
69,5,"[[[""main"", 10], 1], [[""miniA"", 12], 1]]",3.14453125,0.0,0.06389862414483334
69,6,"[[[""main"", 10], 1], [[""miniA"", 12], 2]]",4.768963367322378,0.0,0.1478888363214852
69,7,"[[[""main"", 10], 1], [[""miniA"", 12], 3]]",16.311731166065478,0.0,1.7890176937203197
69,8,"[[[""main"", 10], 3], [[""miniA"", 1], 1]]",0.0,3.602211543113408,0.08400341236496986
69,9,"[[[""main"", 10], 3], [[""miniA"", 1], 2]]",0.0,8.109493589898756,0.43265396906074843
69,10,"[[[""main"", 10], 3], [[""miniA"", 1], 3]]",0.0,4.491610440101415,0.13105103233339838
70,1,[],34.382882260212895,35.508095545001304,0.0
70,2,"[[[""main"", 10], 1]]",34.382882260212895,4.718833748972595,5.999367190204219
70,3,"[[[""main"", 10], 2]]",0.0,3.9969329024385885,0.10357952154999685
70,4,"[[[""main"", 10], 3]]",0.0,18.403169594993095,2.2862125868428094
70,5,"[[[""main"", 10], 1], [[""miniA"", 12], 1]]",4.4140625,0.0,0.12652789184664617
70,6,"[[[""main"", 10], 1], [[""miniA"", 12], 2]]",4.34700040344397,0.0,0.12268136182256634
70,7,"[[[""main"", 10], 1], [[""miniA"", 12], 3]]",25.621819356768924,0.0,4.469624495303383
70,8,"[[[""main"", 10], 3], [[""miniA"", 1], 1]]",0.0,3.3252376962358605,0.07150461222876087
70,9,"[[[""main"", 10], 3], [[""miniA"", 1], 2]]",0.0,9.88165769374068,0.6459811562625734
70,10,"[[[""main"", 10], 3], [[""miniA"", 1], 3]]",0.0,4.355616262383053,0.12317217414216276
71,1,[],29.6687233093271,29.918858725676703,0.0
71,2,"[[[""main"", 10], 1]]",29.6687233093271,3.1116283696967946,4.804454143060398
71,3,"[[[""main"", 10], 2]]",0.0,3.143634775690527,0.0638619695104244
71,4,"[[[""main"", 10], 3]]",0.0,16.87776991965123,1.9175095480673312
71,5,"[[[""main"", 10], 1], [[""miniA"", 12], 1]]",4.765625,0.0,0.14768002151023946
71,6,"[[[""main"", 10], 1], [[""miniA"", 12], 2]]",4.439745854460383,0.0,0.1280169944111751
71,7,"[[[""main"", 10], 1], [[""miniA"", 12], 3]]",20.463352454866715,0.0,2.83593135377538
71,8,"[[[""main"", 10], 3], [[""miniA"", 1], 1]]",0.0,2.7477587880831624,0.04871376281886572
71,9,"[[[""main"", 10], 3], [[""miniA"", 1], 2]]",0.0,9.177185899645812,0.5559631782273675
71,10,"[[[""main"", 10], 3], [[""miniA"", 1], 3]]",0.0,4.231926914876178,0.1162213759998448
72,1,[],39.624650474949554,39.40957738226155,0.0
72,2,"[[[""main"", 10], 1]]",39.624650474949554,4.554245681304056,8.369154760240548
72,3,"[[[""main"", 10], 2]]",0.0,3.836692887504107,0.09538207449289096
72,4,"[[[""main"", 10], 3]]",0.0,19.879875389249456,2.6742265894704933
72,5,"[[[""main"", 10], 1], [[""miniA"", 12], 1]]",5.52734375,0.0,0.1992187609915175
72,6,"[[[""main"", 10], 1], [[""miniA"", 12], 2]]",11.445613901228507,0.0,0.8705590063396408
72,7,"[[[""main"", 10], 1], [[""miniA"", 12], 3]]",22.65169282372105,0.0,3.4844679139728973
72,8,"[[[""main"", 10], 3], [[""miniA"", 1], 1]]",0.0,3.3854246271133075,0.07413400229903847
72,9,"[[[""main"", 10], 3], [[""miniA"", 1], 2]]",0.0,10.786162350244606,0.7716964387427794
72,10,"[[[""main"", 10], 3], [[""miniA"", 1], 3]]",0.0,4.717755692754096,0.14470227809563085
73,1,[],43.26535389146685,43.201552112683395,0.0
73,2,"[[[""main"", 10], 1]]",43.26535389146685,6.887176576412442,8.995025198300917
73,3,"[[[""main"", 10], 2]]",0.0,3.998777078124344,0.10367585909724392
73,4,"[[[""main"", 10], 3]]",0.0,20.39902596721774,2.817871433530712
73,5,"[[[""main"", 10], 1], [[""miniA"", 12], 1]]",6.11328125,0.0,0.2442063208988837
73,6,"[[[""main"", 10], 1], [[""miniA"", 12], 2]]",6.618059121800031,0.0,0.28670635518545745
73,7,"[[[""main"", 10], 1], [[""miniA"", 12], 3]]",30.53401351966682,0.0,6.356263900328101
73,8,"[[[""main"", 10], 3], [[""miniA"", 1], 1]]",0.0,3.8942982870253573,0.09828957486223559
73,9,"[[[""main"", 10], 3], [[""miniA"", 1], 2]]",0.0,11.041225629444563,0.8092127968760783
73,10,"[[[""main"", 10], 3], [[""miniA"", 1], 3]]",0.0,4.428628354813839,0.12737132419566538
74,1,[],39.53255602523143,39.997105452268634,0.0
74,2,"[[[""main"", 10], 1]]",39.53255602523143,5.491978122088713,7.890361256200192
74,3,"[[[""main"", 10], 2]]",0.0,3.751183449608038,0.09114774438874726
74,4,"[[[""main"", 10], 3]]",0.0,20.051215092664837,2.72121978731811
74,5,"[[[""main"", 10], 1], [[""miniA"", 12], 1]]",7.05078125,0.0,0.32590899219087044
74,6,"[[[""main"", 10], 1], [[""miniA"", 12], 2]]",5.471428157066575,0.0,0.19516892645556502
74,7,"[[[""main"", 10], 1], [[""miniA"", 12], 3]]",27.010346618164856,0.0,4.970900203442278
74,8,"[[[""main"", 10], 3], [[""miniA"", 1], 1]]",0.0,3.7071887451658485,0.0890071263859612
74,9,"[[[""main"", 10], 3], [[""miniA"", 1], 2]]",0.0,10.981083674865964,0.8002847379402827
74,10,"[[[""main"", 10], 3], [[""miniA"", 1], 3]]",0.0,4.350755646982526,0.12289516132425672
75,1,[],39.8028921827127,43.59571543700367,0.0
75,2,"[[[""main"", 10], 1]]",39.8028921827127,5.767570940694743,7.887949539523164
75,3,"[[[""main"", 10], 2]]",0.0,4.289567718716766,0.11943504803179246
75,4,"[[[""main"", 10], 3]]",0.0,22.189275999937983,3.3419161900992207
75,5,"[[[""main"", 10], 1], [[""miniA"", 12], 1]]",7.48046875,0.0,0.36737480456876237
75,6,"[[[""main"", 10], 1], [[""miniA"", 12], 2]]",4.522505540773332,0.0,0.13287552050725285
75,7,"[[[""main"", 10], 1], [[""miniA"", 12], 3]]",27.799917891939362,0.0,5.267320615618727
75,8,"[[[""main"", 10], 3], [[""miniA"", 1], 1]]",0.0,4.196276956544356,0.11425602354322217
75,9,"[[[""main"", 10], 3], [[""miniA"", 1], 2]]",0.0,12.148515709293417,0.9826448592088785
75,10,"[[[""main"", 10], 3], [[""miniA"", 1], 3]]",0.0,4.609500673402308,0.13808177794579987
76,1,[],40.62041670556812,46.27347378125688,0.0
76,2,"[[[""main"", 10], 1]]",40.62041670556812,6.027350573398957,8.145670044142756
76,3,"[[[""main"", 10], 2]]",0.0,4.659772690961205,0.14113665722767935
76,4,"[[[""main"", 10], 3]]",0.0,23.53471473435403,3.764829081172255
76,5,"[[[""main"", 10], 1], [[""miniA"", 12], 1]]",7.734375,0.0,0.39306921240835796
76,6,"[[[""main"", 10], 1], [[""miniA"", 12], 2]]",4.469380349995404,0.0,0.12974617168570082
76,7,"[[[""main"", 10], 1], [[""miniA"", 12], 3]]",28.416661355572714,0.0,5.504535189304899
76,8,"[[[""main"", 10], 3], [[""miniA"", 1], 1]]",0.0,4.722256464213573,0.14498093954077415
76,9,"[[[""main"", 10], 3], [[""miniA"", 1], 2]]",0.0,12.792149540231978,1.0913639111164548
76,10,"[[[""main"", 10], 3], [[""miniA"", 1], 3]]",0.0,4.64380142712604,0.14016245212521078
77,1,[],40.09054836745281,42.70724575321016,0.0
77,2,"[[[""main"", 10], 1]]",40.09054836745281,6.230437963008535,7.80775286800639
77,3,"[[[""main"", 10], 2]]",0.0,4.234236368826566,0.11634928078078768
77,4,"[[[""main"", 10], 3]]",0.0,21.255443414941162,3.0630258576467204
77,5,"[[[""main"", 10], 1], [[""miniA"", 12], 1]]",7.65625,0.0,0.3850688103451901
77,6,"[[[""main"", 10], 1], [[""miniA"", 12], 2]]",3.3333333333333335,0.0,0.07185548967852433
77,7,"[[[""main"", 10], 1], [[""miniA"", 12], 3]]",29.100965034119476,0.0,5.773513662984821
77,8,"[[[""main"", 10], 3], [[""miniA"", 1], 1]]",0.0,4.240828848829469,0.11671478561992293
77,9,"[[[""main"", 10], 3], [[""miniA"", 1], 2]]",0.0,11.71519449222674,0.9127275031808497
77,10,"[[[""main"", 10], 3], [[""miniA"", 1], 3]]",0.0,4.1578226547772585,0.11215513030692109
78,1,[],39.145852327586766,45.38931785370601,0.0
78,2,"[[[""main"", 10], 1]]",39.145852327586766,5.860701628446304,7.547171169191221
78,3,"[[[""main"", 10], 2]]",0.0,4.77002064714009,0.1479550004048691
78,4,"[[[""main"", 10], 3]]",0.0,23.356184206174348,3.707285202349178
78,5,"[[[""main"", 10], 1], [[""miniA"", 12], 1]]",7.65625,0.0,0.3850688103451901
78,6,"[[[""main"", 10], 1], [[""miniA"", 12], 2]]",3.3333333333333335,0.0,0.07185548967852433
78,7,"[[[""main"", 10], 1], [[""miniA"", 12], 3]]",28.15626899425343,0.0,5.403777328422589
78,8,"[[[""main"", 10], 3], [[""miniA"", 1], 1]]",0.0,4.765236159125939,0.14765570926662136
78,9,"[[[""main"", 10], 3], [[""miniA"", 1], 2]]",0.0,12.872716723589786,1.1053829516753118
78,10,"[[[""main"", 10], 3], [[""miniA"", 1], 3]]",0.0,4.342752898706434,0.12243976381025794
79,1,[],47.47469592891761,52.20646495909023,0.0
79,2,"[[[""main"", 10], 1]]",47.47469592891761,8.909933264779621,10.084780518958153
79,3,"[[[""main"", 10], 2]]",0.0,5.262860835023356,0.18043595097970488
79,4,"[[[""main"", 10], 3]]",0.0,23.88835665750116,3.880097731848244
79,5,"[[[""main"", 10], 1], [[""miniA"", 12], 1]]",7.65625,0.0,0.3850688103451901
79,6,"[[[""main"", 10], 1], [[""miniA"", 12], 2]]",4.725724449028708,0.0,0.14519584263242624
79,7,"[[[""main"", 10], 1], [[""miniA"", 12], 3]]",35.0927214798889,0.0,8.379668611802005
79,8,"[[[""main"", 10], 3], [[""miniA"", 1], 1]]",0.0,5.0520736637763415,0.16614316901503362
79,9,"[[[""main"", 10], 3], [[""miniA"", 1], 2]]",0.0,13.108380285160283,1.1469135639050199
79,10,"[[[""main"", 10], 3], [[""miniA"", 1], 3]]",0.0,4.295100136949005,0.11974583869547481
80,1,[],40.68040761428942,41.92452685135809,0.0
80,2,"[[[""main"", 10], 1]]",40.68040761428942,5.949054984786013,8.210138544655228
80,3,"[[[""main"", 10], 2]]",0.0,4.727031984095145,0.14527690956359776
80,4,"[[[""main"", 10], 3]]",0.0,20.145711992534633,2.7473124357234684
80,5,"[[[""main"", 10], 1], [[""miniA"", 12], 1]]",7.65625,0.0,0.3850688103451901
80,6,"[[[""main"", 10], 1], [[""miniA"", 12], 2]]",4.8490322108454516,0.0,0.15294205948620232
80,7,"[[[""main"", 10], 1], [[""miniA"", 12], 3]]",28.17512540344397,0.0,5.4110441149546205
80,8,"[[[""main"", 10], 3], [[""miniA"", 1], 1]]",0.0,4.310911889679069,0.12063634368798921
80,9,"[[[""main"", 10], 3], [[""miniA"", 1], 2]]",0.0,11.171779922404214,0.8287677573595641
80,10,"[[[""main"", 10], 3], [[""miniA"", 1], 3]]",0.0,3.628379115686781,0.08523696371701321
81,1,[],36.466532142232225,44.28775028618118,0.0
81,2,"[[[""main"", 10], 1]]",36.466532142232225,6.020863683545719,6.319583247067406
81,3,"[[[""main"", 10], 2]]",0.0,5.293713433141374,0.18257828927711384
81,4,"[[[""main"", 10], 3]]",0.0,22.90668085132198,3.5643307818275924
81,5,"[[[""main"", 10], 1], [[""miniA"", 12], 1]]",7.734375,0.0,0.39306921240835796
81,6,"[[[""main"", 10], 1], [[""miniA"", 12], 2]]",0.0,0.0,0.0
81,7,"[[[""main"", 10], 1], [[""miniA"", 12], 3]]",28.73215714223223,0.0,5.627794471137361
81,8,"[[[""main"", 10], 3], [[""miniA"", 1], 1]]",0.0,5.432422653612236,0.1923689014614086
81,9,"[[[""main"", 10], 3], [[""miniA"", 1], 2]]",0.0,12.083186072237929,0.9719350672845788
81,10,"[[[""main"", 10], 3], [[""miniA"", 1], 3]]",0.0,4.116830781302711,0.1099373754231186
82,1,[],40.200477729515086,44.57633079613782,0.0
82,2,"[[[""main"", 10], 1]]",40.200477729515086,5.890069842799485,8.014599112430137
82,3,"[[[""main"", 10], 2]]",0.0,5.3952745848166055,0.18972134741369925
82,4,"[[[""main"", 10], 3]]",0.0,21.84805268502351,3.238613223654383
82,5,"[[[""main"", 10], 1], [[""miniA"", 12], 1]]",7.55859375,0.0,0.37518636605691896
82,6,"[[[""main"", 10], 1], [[""miniA"", 12], 2]]",4.545771300211397,0.0,0.134257917534006
82,7,"[[[""main"", 10], 1], [[""miniA"", 12], 3]]",28.09611267930369,0.0,5.38062555920856
82,8,"[[[""main"", 10], 3], [[""miniA"", 1], 1]]",0.0,5.388843064109574,0.18926486631032843
82,9,"[[[""main"", 10], 3], [[""miniA"", 1], 2]]",0.0,11.296985892888411,0.8477457797345007
82,10,"[[[""main"", 10], 3], [[""miniA"", 1], 3]]",0.0,4.0204040656839934,0.1048090162966996
83,1,[],39.26286725184889,42.870158588337205,0.0
83,2,"[[[""main"", 10], 1]]",39.26286725184889,5.544833872408554,7.742991651033392
83,3,"[[[""main"", 10], 2]]",0.0,5.307086687027293,0.18351089477295737
83,4,"[[[""main"", 10], 3]]",0.0,21.07981411750788,3.011921365587127
83,5,"[[[""main"", 10], 1], [[""miniA"", 12], 1]]",6.97265625,0.0,0.3186417101907727
83,6,"[[[""main"", 10], 1], [[""miniA"", 12], 2]]",5.03750478829448,0.0,0.16517744792898678
83,7,"[[[""main"", 10], 1], [[""miniA"", 12], 3]]",27.25270621355441,0.0,5.0610147142887945
83,8,"[[[""main"", 10], 3], [[""miniA"", 1], 1]]",0.0,5.429683976008673,0.1921730777715026
83,9,"[[[""main"", 10], 3], [[""miniA"", 1], 2]]",0.0,10.79388917988522,0.7728195874266276
83,10,"[[[""main"", 10], 3], [[""miniA"", 1], 3]]",0.0,3.7978040334730587,0.09344426294279694
84,1,[],35.93021826135646,42.19572194780663,0.0
84,2,"[[[""main"", 10], 1]]",35.93021826135646,4.628304477124754,6.679229738786106
84,3,"[[[""main"", 10], 2]]",0.0,5.748562940320001,0.2156563334241415
84,4,"[[[""main"", 10], 3]]",0.0,21.72285511803328,3.2011133401183463
84,5,"[[[""main"", 10], 1], [[""miniA"", 12], 1]]",6.2890625,0.0,0.2586122805464146
84,6,"[[[""main"", 10], 1], [[""miniA"", 12], 2]]",4.725724449028708,0.0,0.14519584263242624
84,7,"[[[""main"", 10], 1], [[""miniA"", 12], 3]]",24.91543131232775,0.0,4.224496353945913
84,8,"[[[""main"", 10], 3], [[""miniA"", 1], 1]]",0.0,5.653050546003502,0.2084779844737582
84,9,"[[[""main"", 10], 3], [[""miniA"", 1], 2]]",0.0,11.087207445328442,0.816072928376039
84,10,"[[[""main"", 10], 3], [[""miniA"", 1], 3]]",0.0,3.8614214427568987,0.0966247710946404
85,1,[],35.52963332278262,40.25710387705017,0.0
85,2,"[[[""main"", 10], 1]]",35.52963332278262,4.490434496740645,6.567903948225843
85,3,"[[[""main"", 10], 2]]",0.0,5.74639573072808,0.21549208264857939
85,4,"[[[""main"", 10], 3]]",0.0,20.414630451688996,2.822247167018023
85,5,"[[[""main"", 10], 1], [[""miniA"", 12], 1]]",6.03515625,0.0,0.2379386237262053
85,6,"[[[""main"", 10], 1], [[""miniA"", 12], 2]]",4.969861425468674,0.0,0.16073107954559335
85,7,"[[[""main"", 10], 1], [[""miniA"", 12], 3]]",24.524615647313947,0.0,4.091764793468846
85,8,"[[[""main"", 10], 3], [[""miniA"", 1], 1]]",0.0,5.03138721648567,0.1647727880034209
85,9,"[[[""main"", 10], 3], [[""miniA"", 1], 2]]",0.0,10.732390936871635,0.7639035020303646
85,10,"[[[""main"", 10], 3], [[""miniA"", 1], 3]]",0.0,3.6365519086455453,0.08562409965235995
86,1,[],30.385929695501606,34.83980795031746,0.0
86,2,"[[[""main"", 10], 1]]",30.385929695501606,3.2712111439012657,5.0096129941635
86,3,"[[[""main"", 10], 2]]",0.0,5.121471979267499,0.17078263695822168
86,4,"[[[""main"", 10], 3]]",0.0,18.862971892255946,2.4037573037710276
86,5,"[[[""main"", 10], 1], [[""miniA"", 12], 1]]",4.921875,0.0,0.1576141923306606
86,6,"[[[""main"", 10], 1], [[""miniA"", 12], 2]]",4.4843939942534305,0.0,0.1306267151310852
86,7,"[[[""main"", 10], 1], [[""miniA"", 12], 3]]",20.979660701248175,0.0,2.98297023643952
86,8,"[[[""main"", 10], 3], [[""miniA"", 1], 1]]",0.0,4.776524915948326,0.14836236528115004
86,9,"[[[""main"", 10], 3], [[""miniA"", 1], 2]]",0.0,9.825453839505284,0.6385459678725254
86,10,"[[[""main"", 10], 3], [[""miniA"", 1], 3]]",0.0,3.3993362065225816,0.07474859712607686
87,1,[],32.161833265881526,36.951929362879575,0.0
87,2,"[[[""main"", 10], 1]]",32.161833265881526,3.9572244429450794,5.422415564782924
87,3,"[[[""main"", 10], 2]]",0.0,5.435562558484128,0.19259353895395293
87,4,"[[[""main"", 10], 3]]",0.0,19.39948004430684,2.5446532134066486
87,5,"[[[""main"", 10], 1], [[""miniA"", 12], 1]]",4.3359375,0.0,0.12205260904076552
87,6,"[[[""main"", 10], 1], [[""miniA"", 12], 2]]",4.476870745844006,0.0,0.13018510209037254
87,7,"[[[""main"", 10], 1], [[""miniA"", 12], 3]]",23.349025020037523,0.0,3.7049867318139413
87,8,"[[[""main"", 10], 3], [[""miniA"", 1], 1]]",0.0,4.251198837999221,0.11729090280905884
87,9,"[[[""main"", 10], 3], [[""miniA"", 1], 2]]",0.0,10.395104863238954,0.7159430541840793
87,10,"[[[""main"", 10], 3], [[""miniA"", 1], 3]]",0.0,3.825138181493819,0.09480420458171024
88,1,[],37.66385577142074,39.30781219041011,0.0
88,2,"[[[""main"", 10], 1]]",37.66385577142074,4.520887975906778,7.483345966296874
88,3,"[[[""main"", 10], 2]]",0.0,4.915626040310219,0.15721058284556017
88,4,"[[[""main"", 10], 3]]",0.0,19.625521359315965,2.605220265734714
88,5,"[[[""main"", 10], 1], [[""miniA"", 12], 1]]",4.08203125,0.0,0.10807226913164734
88,6,"[[[""main"", 10], 1], [[""miniA"", 12], 2]]",10.15475874447238,0.0,0.6827360669071688
88,7,"[[[""main"", 10], 1], [[""miniA"", 12], 3]]",23.42706577694836,0.0,3.7300796398679616
88,8,"[[[""main"", 10], 3], [[""miniA"", 1], 1]]",0.0,4.223488739095751,0.11575465024222202
88,9,"[[[""main"", 10], 3], [[""miniA"", 1], 2]]",0.0,10.258132546820132,0.6969197519229886
88,10,"[[[""main"", 10], 3], [[""miniA"", 1], 3]]",0.0,4.215890474980984,0.11533519625388927
89,1,[],24.363454073485173,29.09948874681215,0.0
89,2,"[[[""main"", 10], 1]]",24.363454073485173,1.9830541585070436,3.4004784581369862
89,3,"[[[""main"", 10], 2]]",0.0,4.49670286587515,0.13135088047403265
89,4,"[[[""main"", 10], 3]]",0.0,17.115162048640375,1.9727403351785655
89,5,"[[[""main"", 10], 1], [[""miniA"", 12], 1]]",3.14453125,0.0,0.06389862414483334
89,6,"[[[""main"", 10], 1], [[""miniA"", 12], 2]]",5.0769821123365375,0.0,0.1678008943869459
89,7,"[[[""main"", 10], 1], [[""miniA"", 12], 3]]",16.141940711148635,0.0,1.7513546399752644
89,8,"[[[""main"", 10], 3], [[""miniA"", 1], 1]]",0.0,3.4313700780884275,0.07617357836779223
89,9,"[[[""main"", 10], 3], [[""miniA"", 1], 2]]",0.0,9.155842703506224,0.5533435534706681
89,10,"[[[""main"", 10], 3], [[""miniA"", 1], 3]]",0.0,3.804648288127208,0.09378384708005578
90,1,[],20.382421092566737,29.557624577666076,0.0
90,2,"[[[""main"", 10], 1]]",20.382421092566737,1.418746580708985,2.429896448089755
90,3,"[[[""main"", 10], 2]]",0.0,4.676600430096348,0.14216681285591534
90,4,"[[[""main"", 10], 3]]",0.0,18.563381242701357,2.326833063213715
90,5,"[[[""main"", 10], 1], [[""miniA"", 12], 1]]",2.20703125,0.0,0.03135903551322157
90,6,"[[[""main"", 10], 1], [[""miniA"", 12], 2]]",4.4544978284309,0.0,0.1288763022348311
90,7,"[[[""main"", 10], 1], [[""miniA"", 12], 3]]",13.720892014135838,0.0,1.2585112429609324
90,8,"[[[""main"", 10], 3], [[""miniA"", 1], 1]]",0.0,3.2413027621146377,0.06791795250710761
90,9,"[[[""main"", 10], 3], [[""miniA"", 1], 2]]",0.0,10.07980537930592,0.6725450805704607
90,10,"[[[""main"", 10], 3], [[""miniA"", 1], 3]]",0.0,4.377392927456133,0.12441714074709884
91,1,[],14.249265362992137,21.739269181301587,0.0
91,2,"[[[""main"", 10], 1]]",14.249265362992137,0.697345206616884,1.227197549035421
91,3,"[[[""main"", 10], 2]]",0.0,3.0503298071227363,0.060105115148211374
91,4,"[[[""main"", 10], 3]]",0.0,15.16230716583397,1.5419843375443663
91,5,"[[[""main"", 10], 1], [[""miniA"", 12], 1]]",0.33203125,0.0,0.0007041774309414903
91,6,"[[[""main"", 10], 1], [[""miniA"", 12], 2]]",4.830988367148129,0.0,0.15179576578795193
91,7,"[[[""main"", 10], 1], [[""miniA"", 12], 3]]",9.086245745844007,0.0,0.5448452633979907
91,8,"[[[""main"", 10], 3], [[""miniA"", 1], 1]]",0.0,2.779755111312263,0.04986124769758567
91,9,"[[[""main"", 10], 3], [[""miniA"", 1], 2]]",0.0,7.949724677896134,0.41555714480408606
91,10,"[[[""main"", 10], 3], [[""miniA"", 1], 3]]",0.0,3.870334311168151,0.0970746729557508
92,1,[],12.84123248488332,20.945943297856463,0.0
92,2,"[[[""main"", 10], 1]]",12.84123248488332,0.5753502099186244,1.002035855179525
92,3,"[[[""main"", 10], 2]]",0.0,3.0364717155391188,0.05955695203406711
92,4,"[[[""main"", 10], 3]]",0.0,14.803787448006277,1.4687411171788485
92,5,"[[[""main"", 10], 1], [[""miniA"", 12], 1]]",0.0,0.0,0.0
92,6,"[[[""main"", 10], 1], [[""miniA"", 12], 2]]",4.7953314293036895,0.0,0.1495434257392308
92,7,"[[[""main"", 10], 1], [[""miniA"", 12], 3]]",8.04590105557963,0.0,0.4258067841793936
92,8,"[[[""main"", 10], 3], [[""miniA"", 1], 1]]",0.0,2.4209577713881627,0.03776570155358391
92,9,"[[[""main"", 10], 3], [[""miniA"", 1], 2]]",0.0,7.801816357392058,0.4000431069049219
92,10,"[[[""main"", 10], 3], [[""miniA"", 1], 3]]",0.0,4.037495558092593,0.10570895267495808
93,1,[],9.916974393529202,20.50918520116059,0.0
93,2,"[[[""main"", 10], 1]]",9.916974393529202,0.32016811533220824,0.6087515644812761
93,3,"[[[""main"", 10], 2]]",0.0,3.182342829331236,0.06545433549865529
93,4,"[[[""main"", 10], 3]]",0.0,14.853649258665204,1.4788190978520124
93,5,"[[[""main"", 10], 1], [[""miniA"", 12], 1]]",0.0,0.0,0.0
93,6,"[[[""main"", 10], 1], [[""miniA"", 12], 2]]",5.0769821123365375,0.0,0.1678008943869459
93,7,"[[[""main"", 10], 1], [[""miniA"", 12], 3]]",4.839992281192664,0.0,0.15236722094526237
93,8,"[[[""main"", 10], 3], [[""miniA"", 1], 1]]",0.0,2.2693791682191238,0.03316424593787686
93,9,"[[[""main"", 10], 3], [[""miniA"", 1], 2]]",0.0,7.943392850159372,0.4148868271641235
93,10,"[[[""main"", 10], 3], [[""miniA"", 1], 3]]",0.0,4.0846159268093825,0.10821024037532716
94,1,[],9.983355700429872,19.54465131733265,0.0
94,2,"[[[""main"", 10], 1]]",9.983355700429872,0.3244959585974481,0.6167656475931272
94,3,"[[[""main"", 10], 2]]",0.0,2.9214538257256977,0.05510533254086538
94,4,"[[[""main"", 10], 3]]",0.0,14.26479339413041,1.3620371587451041
94,5,"[[[""main"", 10], 1], [[""miniA"", 12], 1]]",0.0,0.0,0.0
94,6,"[[[""main"", 10], 1], [[""miniA"", 12], 2]]",4.876368812327751,0.0,0.15468705404714495
94,7,"[[[""main"", 10], 1], [[""miniA"", 12], 3]]",5.106986888102121,0.0,0.16980890455030317
94,8,"[[[""main"", 10], 3], [[""miniA"", 1], 1]]",0.0,2.1575258978384184,0.029961948325549503
94,9,"[[[""main"", 10], 3], [[""miniA"", 1], 2]]",0.0,7.729565949462486,0.3925743151479159
94,10,"[[[""main"", 10], 3], [[""miniA"", 1], 3]]",0.0,3.8586787444614252,0.09648653889461416
95,1,[],13.976809602335532,23.080288465371066,0.0
95,2,"[[[""main"", 10], 1]]",13.976809602335532,0.6416379918145274,1.1876185038754434
95,3,"[[[""main"", 10], 2]]",0.0,3.078315823037312,0.06121985846651982
95,4,"[[[""main"", 10], 3]]",0.0,16.320518360548242,1.7909779276290205
95,5,"[[[""main"", 10], 1], [[""miniA"", 12], 1]]",0.0,0.0,0.0
95,6,"[[[""main"", 10], 1], [[""miniA"", 12], 2]]",6.6643221902502665,0.0,0.2907753590802872
95,7,"[[[""main"", 10], 1], [[""miniA"", 12], 3]]",7.312487412085265,0.0,0.35086263273424023
95,8,"[[[""main"", 10], 3], [[""miniA"", 1], 1]]",0.0,2.627963390467049,0.04453735092549406
95,9,"[[[""main"", 10], 3], [[""miniA"", 1], 2]]",0.0,8.603121663943666,0.4877031523533304
95,10,"[[[""main"", 10], 3], [[""miniA"", 1], 3]]",0.0,4.4297560605030695,0.12743674235563204
96,1,[],14.622024866042796,20.985166993672504,0.0
96,2,"[[[""main"", 10], 1]]",14.622024866042796,0.7569310627376185,1.2855525739822244
96,3,"[[[""main"", 10], 2]]",0.0,2.7516128611204986,0.04885126655801283
96,4,"[[[""main"", 10], 3]]",0.0,14.695286953423736,1.4469322758504133
96,5,"[[[""main"", 10], 1], [[""miniA"", 12], 1]]",0.0,0.0,0.0
96,6,"[[[""main"", 10], 1], [[""miniA"", 12], 2]]",5.299870306067139,0.0,0.18300734859751572
96,7,"[[[""main"", 10], 1], [[""miniA"", 12], 3]]",9.322154559975658,0.0,0.5739237141401028
96,8,"[[[""main"", 10], 3], [[""miniA"", 1], 1]]",0.0,1.6865284296985208,0.01827273918947288
96,9,"[[[""main"", 10], 3], [[""miniA"", 1], 2]]",0.0,7.741113981484279,0.39376325351788555
96,10,"[[[""main"", 10], 3], [[""miniA"", 1], 3]]",0.0,4.711305174968739,0.14430337456483805
97,1,[],11.131942443609397,23.69256821496391,0.0
97,2,"[[[""main"", 10], 1]]",11.131942443609397,0.41544156477177013,0.7616083378394007
97,3,"[[[""main"", 10], 2]]",0.0,3.045618474115118,0.059918471300051145
97,4,"[[[""main"", 10], 3]]",0.0,17.375710290839073,2.0342710760984946
97,5,"[[[""main"", 10], 1], [[""miniA"", 12], 1]]",0.0,0.0,0.0
97,6,"[[[""main"", 10], 1], [[""miniA"", 12], 2]]",4.6500984650602675,0.0,0.1405461456737941
97,7,"[[[""main"", 10], 1], [[""miniA"", 12], 3]]",6.481843978549129,0.0,0.27489541909797605
97,8,"[[[""main"", 10], 3], [[""miniA"", 1], 1]]",0.0,2.6681528570462274,0.045917399555743976
97,9,"[[[""main"", 10], 3], [[""miniA"", 1], 2]]",0.0,8.64595077961188,0.49263823988717875
97,10,"[[[""main"", 10], 3], [[""miniA"", 1], 3]]",0.0,5.33741609376124,0.1856349209768075
98,1,[],17.27227634761515,22.398235073650042,0.0
98,2,"[[[""main"", 10], 1]]",17.27227634761515,1.0793235308734646,1.7626275109741052
98,3,"[[[""main"", 10], 2]]",0.0,2.680610594961268,0.04634949908386449
98,4,"[[[""main"", 10], 3]]",0.0,15.265849432274866,1.5634745054824726
98,5,"[[[""main"", 10], 1], [[""miniA"", 12], 1]]",0.0,0.0,0.0
98,6,"[[[""main"", 10], 1], [[""miniA"", 12], 2]]",11.274953631613215,0.0,0.844390336420977
98,7,"[[[""main"", 10], 1], [[""miniA"", 12], 3]]",5.997322716001935,0.0,0.23493319445248753
98,8,"[[[""main"", 10], 3], [[""miniA"", 1], 1]]",0.0,1.9880817548387255,0.025422905369942052
98,9,"[[[""main"", 10], 3], [[""miniA"", 1], 2]]",0.0,7.649081789794945,0.38433895439752847
98,10,"[[[""main"", 10], 3], [[""miniA"", 1], 3]]",0.0,5.052736831627069,0.1661871962466549
99,1,[],9.300435812089049,21.752794819170845,0.0
99,2,"[[[""main"", 10], 1]]",9.300435812089049,0.2823989705494755,0.5365816624767581
99,3,"[[[""main"", 10], 2]]",0.0,3.1705960540611677,0.06496900175362423
99,4,"[[[""main"", 10], 3]]",0.0,15.98200099088757,1.7162481394422475
99,5,"[[[""main"", 10], 1], [[""miniA"", 12], 1]]",0.0,0.0,0.0
99,6,"[[[""main"", 10], 1], [[""miniA"", 12], 2]]",4.960346751151406,0.0,0.16011060247903036
99,7,"[[[""main"", 10], 1], [[""miniA"", 12], 3]]",4.340089060937642,0.0,0.12228836807044516
99,8,"[[[""main"", 10], 3], [[""miniA"", 1], 1]]",0.0,2.214486488118439,0.03157221114568011
99,9,"[[[""main"", 10], 3], [[""miniA"", 1], 2]]",0.0,8.340916895659348,0.4580430386847697
99,10,"[[[""main"", 10], 3], [[""miniA"", 1], 3]]",0.0,4.787905831939892,0.14907652533944282
