tick,0,1,2,3,4,5,6,7,8,9,10,11,12,13,14,15,16,17,18,19,20,21,22,23,24,25,26,27,28,29,30,31,32,33,34,35,36,37,38,39,40,41,42,43,44,45,46,47,48,49,50,51,52,53,54,55,56,57,58,59,60,61,62,63,64,65,66,67,68,69,70,71,72,73,74,75,76,77,78,79,80,81,82,83,84,85,86,87,88,89,90,91,92,93,94,95,96,97,98,99,100
2_a1_power,0.0,9.516678249858641e-2,4.658702062514684,5.248581596119717,6.053372100063426,4.753774711330457,5.299870306067139,2.9785873797512843,0.8217014775220259,1.047628534950177,1.271433030861015,1.9653899326233821,2.101199918806691,1.0829389337598627,1.2127609827716987,1.2516701796042227,4.997095959202326,4.564905537346422,5.561331048016387,4.202308224006931,2.609511906628545,1.373372927835672,1.3319675296791316,1.9653899326233821,1.6635953124440312,2.8406057918260323,1.8867838415773752,1.7115807231580522,0.7085346025285326,2.331274378089254,2.101199918806691,2.9436824160587776,3.380918592015884,2.0735529083594044,1.480621024948837,2.331274378089254,1.9127483950873605,1.3115806280913347,1.5027194842665732,0.962728768775481,1.047628534950177,1.0130941572774919,1.1190339761636263,0.6951663810020484,1.4156276380143742,0.7923578190101637,0.22558052147813076,0.5742045262201245,0.9961152818496871,2.577559056678042,3.2678118945874126,4.071450043069581,2.806789413339595,2.12909159147356,4.658702062514684,2.157229004167146,0.5385747383786627,10.367913106768924,6.693129134807485,2.2722576113513493,4.11476298022006,3.7767396695522386,1.174666608133025,3.2678118945874126,4.850132106250821,5.248581596119717,4.658702062514684,0.36415063400110653,0.42056341191371116,1.3115806280913347,7.376444667094216,3.695230145719812,4.202308224006931,2.0461494823245645,6.693129134807485,3.0849556269734713,3.695230145719812,6.633191022603916,5.096702942633878,4.518483126612271,2.577559056678042,0.9793271782847285,3.4191927808115348,3.0849556269734713,4.335940680509055,2.0189885628950375,2.9785873797512843,2.9090512153784887,1.3115806280913347,2.6742076391593024,1.5475738652542257,1.3319675296791316,1.4370761796298723,2.7732424866368377,2.609511906628545,1.5475738652542257,3.6549189014395367,4.2465426862575955,1.7852752470911293,1.8103021083939062,4.850132106250821
2_a1_rotation,0.0,7.6171875e-2,0.2890625,0.30078125,0.3154296875,0.291015625,0.3017578125,0.2490234375,0.162109375,0.17578125,0.1875,0.216796875,0.2216796875,0.177734375,0.1845703125,0.1865234375,0.2958984375,0.287109375,0.306640625,0.279296875,0.23828125,0.1923828125,0.1904296875,0.216796875,0.205078125,0.2451171875,0.2138671875,0.20703125,0.154296875,0.2294921875,0.2216796875,0.248046875,0.259765625,0.220703125,0.197265625,0.2294921875,0.21484375,0.189453125,0.1982421875,0.1708984375,0.17578125,0.173828125,0.1796875,0.1533203125,0.1943359375,0.16015625,0.1015625,0.138671875,0.1728515625,0.2373046875,0.2568359375,0.2763671875,0.244140625,0.22265625,0.2890625,0.2236328125,0.1357421875,0.3828125,0.326171875,0.2275390625,0.27734375,0.26953125,0.1826171875,0.2568359375,0.29296875,0.30078125,0.2890625,0.119140625,0.125,0.189453125,0.3369140625,0.267578125,0.279296875,0.2197265625,0.326171875,0.251953125,0.267578125,0.3251953125,0.2978515625,0.2861328125,0.2373046875,0.171875,0.2607421875,0.251953125,0.2822265625,0.21875,0.2490234375,0.2470703125,0.189453125,0.240234375,0.2001953125,0.1904296875,0.1953125,0.2431640625,0.23828125,0.2001953125,0.2666015625,0.2802734375,0.2099609375,0.2109375,0.29296875
2_a2_power,0.0,7.485125177858776e-2,8.036646445742301,8.592304884281809,8.451064366850202,9.472914270021134,4.658362657330501,4.8581082279939345,4.367924070033955,10.751535159942854,11.3427214798889,11.550004729597676,9.792178668247258,7.1856841212232645,2.4523559501420586,2.739963933910626,10.207637776753922,6.5143904497172285,6.281061731425893,7.4407737655646455,7.768034633088694,9.640805713095212,10.920124278053015,11.14138853086619,9.894427634556608,4.335940680509055,3.81794010471866,6.5143904497172285,6.109769615829433,8.451064366850202,6.5143904497172285,9.099027465848991,8.381028279601416,4.801792276623997,5.299870306067139,5.831252575973203,6.338862552081309,9.94595431866928,6.875107708144718,2.609511906628545,3.3429310999180704,3.0492229074014965,3.81794010471866,3.380918592015884,2.609511906628545,11.033924259680413,10.695898878933585,6.633191022603916,5.776584940658427,9.690997566502338,3.7358367091550004,5.776584940658427,5.997322716001935,11.585136523900298,4.381106368124121,8.242119059002214,9.843169317982111,9.94595431866928,8.95227180930901,3.8594390924613986,2.4832676384004198,5.668276820228261,8.451064366850202,6.998241065712989,6.687615734536256,4.319543666065478,10.207637776753922,4.564905537346422,9.3973328650642,5.106986888102121,11.14138853086619,4.382031932527529,4.8220203968244055,4.751561981690841,4.340089060937642,6.481843978549129,4.537982643367502,5.40379580500058,4.476870745844006,9.590878723733592,7.968922254797497,4.760244990195971,11.174534484527223,4.625512205207027,4.3263607641358375,6.687615734536256,6.52682202693548,6.053372100063426,4.432418643104265,3.3333333333333335,7.901579607578384,4.8581082279939345,4.499539336304509,5.188678147313946,3.3333333333333335,4.708674952423917,7.570551804118478,6.5494707988302565,9.997750071018661,4.666661355572713,4.360917836104684
2_a2_rotation,0.0,7.03125e-2,0.3466796875,0.3544921875,0.3525390625,0.3662109375,0.46875,0.4912109375,0.431640625,0.3896484375,0.40234375,0.408203125,0.3720703125,0.333984375,0.2333984375,0.2421875,0.3798828125,0.3232421875,0.3193359375,0.337890625,0.3427734375,0.369140625,0.392578125,0.396484375,0.3740234375,0.2822265625,0.2705078125,0.3232421875,0.31640625,0.3525390625,0.3232421875,0.361328125,0.3515625,0.2919921875,0.3017578125,0.3115234375,0.3203125,0.375,0.3291015625,0.23828125,0.2587890625,0.2509765625,0.2705078125,0.259765625,0.23828125,0.39453125,0.388671875,0.3251953125,0.310546875,0.3701171875,0.2685546875,0.310546875,0.314453125,0.4091796875,0.283203125,0.349609375,0.373046875,0.375,0.359375,0.271484375,0.234375,0.30859375,0.3525390625,0.3310546875,0.4208984375,0.4248046875,0.3798828125,0.287109375,0.365234375,0.5166015625,0.396484375,0.43359375,0.4873046875,0.4794921875,0.427734375,0.412109375,0.4541015625,0.5439453125,0.4462890625,0.3681640625,0.345703125,0.48046875,0.3974609375,0.46484375,0.42578125,0.4208984375,0.4140625,0.3154296875,0.4404296875,0.5693359375,0.3447265625,0.4912109375,0.44921875,0.5244140625,0.564453125,0.474609375,0.33984375,0.4150390625,0.3759765625,0.4697265625,0.4306640625
1_a1_power,0.0,0.6689365073023991,3.3333333333333335,0.0,0.0,0.0,0.0,0.0,0.0,0.0,0.0,0.0,3.3333333333333335,5.283535819102609,4.609292577228332,4.469380349995404,4.708674952423917,5.392664310233766,5.209485559929586,5.027729450113886,5.209485559929586,5.392664310233766,0.0,5.262183427792024,0.0,5.315858964860538,4.998627868164857,5.067056241853186,0.0,3.3333333333333335,0.0,0.0,0.0,0.0,5.4149673410723755,3.3333333333333335,0.0,4.979413121818376,11.411150472685257,10.42188663015916,10.15475874447238,6.5494707988302565,11.241316633720809,9.099027465848991,6.6643221902502665,5.337604939914009,5.1170644410872965,5.13733391997727,0.0,5.337604939914009,6.5494707988302565,5.240987463554411,5.13733391997727,3.3333333333333335,0.0,0.0,0.0,0.0,0.0,3.3333333333333335,5.4149673410723755,0.0,0.0,0.0,0.0,0.0,3.3333333333333335,0.0,0.0,0.0,0.0,0.0,0.0,0.0,0.0,0.0,0.0,0.0,0.0,0.0,0.0,0.0,0.0,0.0,0.0,0.0,0.0,0.0,0.0,0.0,0.0,0.0,0.0,0.0,0.0,0.0,0.0,0.0,3.3333333333333335,0.0,3.3333333333333335
1_a1_rotation,0.0,0.1513671875,0.5703125,0.5908203125,0.640625,0.6220703125,0.64453125,0.7197265625,0.626953125,0.654296875,0.6337890625,0.5771484375,0.5673828125,0.533203125,0.462890625,0.4453125,0.474609375,0.54296875,0.5263671875,0.5087890625,0.5263671875,0.54296875,0.5771484375,0.53125,0.587890625,0.5361328125,0.505859375,0.5126953125,0.5947265625,0.5703125,0.6201171875,0.6201171875,0.5810546875,0.5791015625,0.544921875,0.5654296875,0.5771484375,0.50390625,0.404296875,0.3837890625,0.37890625,0.4150390625,0.3994140625,0.361328125,0.419921875,0.5380859375,0.517578125,0.51953125,0.5810546875,0.5380859375,0.4150390625,0.529296875,0.51953125,0.560546875,0.599609375,0.6337890625,0.6650390625,0.6494140625,0.6181640625,0.5703125,0.544921875,0.5771484375,0.6064453125,0.5947265625,0.6923828125,0.6630859375,0.5703125,0.5791015625,0.5859375,0.654296875,0.76953125,0.7197265625,0.62890625,0.6630859375,0.7314453125,0.6767578125,0.6923828125,0.7021484375,0.658203125,0.611328125,0.5771484375,0.6630859375,0.7021484375,0.7041015625,0.7197265625,0.7041015625,0.6787109375,0.7060546875,0.7041015625,0.712890625,0.6767578125,0.642578125,0.6201171875,0.7021484375,0.6748046875,0.671875,0.6015625,0.611328125,0.556640625,0.642578125,0.5673828125
1_a2_power,0.0,1.0651861928093274,0.0,0.0,0.0,0.0,0.0,0.0,0.0,0.0,3.3333333333333335,5.315858964860538,3.3333333333333335,4.830988367148129,4.577261641939361,4.6500984650602675,4.9133261939911534,4.9133261939911534,5.047317651719599,6.618059121800031,10.530660501208681,4.979413121818376,5.047317651719599,4.3962674671174256,4.960346751151406,5.262183427792024,4.9133261939911534,4.960346751151406,5.262183427792024,5.315858964860538,0.0,0.0,0.0,0.0,3.3333333333333335,0.0,5.240987463554411,4.432418643104265,11.411150472685257,9.792178668247258,3.496605559724881,3.695230145719812,3.496605559724881,5.776584940658427,6.504279837299521,4.813088298334052,5.240987463554411,5.067056241853186,4.876368812327751,4.786506514988796,6.504279837299521,5.047317651719599,5.13733391997727,4.9133261939911534,0.0,3.3333333333333335,4.876368812327751,5.437430824680686,3.3333333333333335,3.3333333333333335,5.0969473635735625,3.3333333333333335,0.0,4.960346751151406,3.3333333333333335,5.283535819102609,5.4942952886596,4.998627868164857,5.1170644410872965,5.262183427792024,0.0,5.359509354888818,4.998627868164857,3.3333333333333335,0.0,0.0,3.3333333333333335,0.0,0.0,4.6500984650602675,4.432418643104265,0.0,0.0,0.0,0.0,0.0,0.0,0.0,0.0,0.0,0.0,0.0,0.0,0.0,0.0,0.0,0.0,0.0,3.3333333333333335,0.0,5.437430824680686
1_a2_rotation,0.0,0.1767578125,0.615234375,0.6337890625,0.671875,0.626953125,0.642578125,0.6494140625,0.642578125,0.611328125,0.5673828125,0.5361328125,0.5703125,0.48828125,0.458984375,0.4677734375,0.4970703125,0.4970703125,0.5107421875,0.41796875,0.3857421875,0.50390625,0.5107421875,0.435546875,0.501953125,0.53125,0.4970703125,0.501953125,0.53125,0.5361328125,0.5927734375,0.65625,0.59765625,0.5810546875,0.5654296875,0.5927734375,0.529296875,0.4404296875,0.404296875,0.3720703125,0.2626953125,0.267578125,0.2626953125,0.310546875,0.4130859375,0.486328125,0.529296875,0.5126953125,0.4931640625,0.4833984375,0.4130859375,0.5107421875,0.51953125,0.4970703125,0.5771484375,0.5673828125,0.4931640625,0.546875,0.572265625,0.560546875,0.515625,0.556640625,0.626953125,0.501953125,0.5537109375,0.533203125,0.5517578125,0.505859375,0.517578125,0.53125,0.73828125,0.5400390625,0.505859375,0.556640625,0.7294921875,0.626953125,0.556640625,0.59765625,0.5791015625,0.4677734375,0.4404296875,0.6201171875,0.6923828125,0.712890625,0.658203125,0.64453125,0.7294921875,0.6953125,0.7021484375,0.708984375,0.6767578125,0.5927734375,0.6044921875,0.669921875,0.6201171875,0.6181640625,0.5927734375,0.6015625,0.5634765625,0.6748046875,0.546875
2_a3_power,0.0,4.551882925013832e-2,7.570551804118478,7.834617426277828,10.695898878933585,7.2489009227306616,5.146998992210221,10.530660501208681,9.322154559975658,10.863647158804033,10.920124278053015,8.807102684871339,9.590878723733592,5.299870306067139,5.146998992210221,5.3514920584191925,1.861055327829894,1.174666608133025,1.1008878356089173,1.6874743091483289,3.0492229074014965,2.2431264604795493,1.6874743091483289,3.7358367091550004,6.633191022603916,8.311380202921134,11.241316633720809,3.985738149218872,7.376444667094216,6.875107708144718,8.879489469480953,8.735110377673033,7.312487412085265,4.997095959202326,3.4577547441121546,6.693129134807485,3.9012377105875906,3.9012377105875906,1.2127609827716987,0.7220731175823034,0.3465335730490174,1.835561776037783,2.3611621495696284,2.6742076391593024,3.013767184263146,2.0189885628950375,1.570331942538412,1.861055327829894,5.403447930983007,4.291086479155926,3.9012377105875906,4.564905537346422,3.4577547441121546,2.6742076391593024,4.3263607641358375,4.374962078212422,8.663511470078902,10.42188663015916,5.722260048012491,4.367924070033955,9.322154559975658,5.668276820228261,10.807451019666823,11.515040628504792,5.831252575973203,8.807102684871339,7.060355270521565,6.397016893476913,2.12909159147356,4.947782869732849,11.376853132632029,3.3333333333333335,10.04981559230328,4.5071615737210475,3.3333333333333335,4.491950167111117,11.3427214798889,9.94595431866928,10.530660501208681,11.14138853086619,5.508366347974469,7.4407737655646455,9.541215897718951,8.381028279601416,5.146998992210221,3.6549189014395367,5.337604939914009,5.315858964860538,6.5494707988302565,2.2431264604795493,4.609292577228332,10.367913106768924,4.609292577228332,9.894427634556608,8.663511470078902,6.5143904497172285,10.42188663015916,11.274953631613215,6.998241065712989,9.3973328650642,3.695230145719812
2_a3_rotation,0.0,5.95703125e-2,0.33984375,0.34375,0.388671875,0.3349609375,0.298828125,0.3857421875,0.3642578125,0.3916015625,0.392578125,0.357421875,0.3681640625,0.3017578125,0.298828125,0.302734375,0.212890625,0.1826171875,0.1787109375,0.2060546875,0.2509765625,0.2265625,0.2060546875,0.2685546875,0.3251953125,0.3505859375,0.3994140625,0.2744140625,0.3369140625,0.3291015625,0.3583984375,0.3564453125,0.3359375,0.2958984375,0.26171875,0.326171875,0.2724609375,0.2724609375,0.1845703125,0.1552734375,0.1171875,0.2119140625,0.23046875,0.240234375,0.25,0.21875,0.201171875,0.212890625,0.3037109375,0.28125,0.2724609375,0.287109375,0.26171875,0.240234375,0.42578125,0.4326171875,0.35546875,0.3837890625,0.3095703125,0.431640625,0.3642578125,0.30859375,0.390625,0.4072265625,0.3115234375,0.357421875,0.33203125,0.3212890625,0.22265625,0.294921875,0.4033203125,0.564453125,0.376953125,0.4501953125,0.5546875,0.4482421875,0.40234375,0.375,0.3857421875,0.396484375,0.3056640625,0.337890625,0.3671875,0.3515625,0.298828125,0.2666015625,0.5380859375,0.5361328125,0.4150390625,0.2265625,0.462890625,0.3828125,0.462890625,0.3740234375,0.35546875,0.3232421875,0.3837890625,0.400390625,0.3310546875,0.365234375,0.267578125
1_a3_power,0.0,1.480621024948837,0.0,0.0,0.0,0.0,0.0,0.0,0.0,0.0,0.0,0.0,0.0,5.209485559929586,4.813088298334052,4.633673310885972,5.168025148922912,5.4149673410723755,5.392664310233766,5.027729450113886,4.941428181064414,5.240987463554411,0.0,0.0,5.4942952886596,3.3333333333333335,5.4942952886596,5.047317651719599,5.437430824680686,5.4942952886596,0.0,0.0,0.0,0.0,0.0,3.3333333333333335,5.4942952886596,4.768963367322378,11.655904796854452,8.381028279601416,10.15475874447238,11.550004729597676,11.308755113275936,10.807451019666823,4.499539336304509,3.3333333333333335,0.0,0.0,3.3333333333333335,5.1170644410872965,4.69176520500564,5.0969473635735625,5.067056241853186,5.4942952886596,0.0,0.0,0.0,0.0,0.0,3.3333333333333335,0.0,0.0,0.0,0.0,0.0,0.0,0.0,0.0,0.0,0.0,0.0,0.0,0.0,0.0,0.0,0.0,0.0,0.0,0.0,0.0,0.0,0.0,0.0,0.0,0.0,0.0,0.0,0.0,0.0,0.0,0.0,0.0,0.0,0.0,0.0,0.0,0.0,0.0,0.0,0.0,5.359509354888818
1_a3_rotation,0.0,0.197265625,0.6064453125,0.6376953125,0.65625,0.66796875,0.6787109375,0.6474609375,0.6064453125,0.6337890625,0.685546875,0.640625,0.5810546875,0.5263671875,0.486328125,0.4658203125,0.5224609375,0.544921875,0.54296875,0.5087890625,0.5,0.529296875,0.6083984375,0.59765625,0.5517578125,0.5537109375,0.5517578125,0.5107421875,0.546875,0.5517578125,0.59765625,0.640625,0.61328125,0.6064453125,0.5859375,0.5703125,0.5517578125,0.4814453125,0.4111328125,0.3515625,0.37890625,0.408203125,0.4013671875,0.390625,0.44921875,0.556640625,0.6083984375,0.5927734375,0.5703125,0.517578125,0.47265625,0.515625,0.5126953125,0.5517578125,0.5859375,0.6357421875,0.6650390625,0.625,0.6044921875,0.556640625,0.5947265625,0.6181640625,0.6357421875,0.611328125,0.6884765625,0.6923828125,0.625,0.59765625,0.640625,0.708984375,0.8017578125,0.7431640625,0.7265625,0.7431640625,0.7998046875,0.7060546875,0.7109375,0.6923828125,0.72265625,0.6201171875,0.62890625,0.69921875,0.7431640625,0.751953125,0.7177734375,0.724609375,0.708984375,0.69921875,0.7197265625,0.7626953125,0.7197265625,0.7158203125,0.697265625,0.7158203125,0.7314453125,0.6611328125,0.6474609375,0.6201171875,0.587890625,0.7021484375,0.5400390625
1_a4_power,0.0,3.157256366646829,5.448722915992086,0.0,0.0,0.0,0.0,3.3333333333333335,4.885553523287968,4.55359345660309,4.585218515396655,5.315858964860538,4.960346751151406,4.522505540773332,10.695898878933585,4.306003211148634,4.6500984650602675,4.894774609293646,5.057168112276687,4.700202646010184,4.641868706874572,5.086945795614183,4.439745854460383,11.515040628504792,4.777717184957506,4.42512385298432,10.640541475940491,4.969861425468674,5.027729450113886,4.9133261939911534,3.3333333333333335,4.950869026979134,4.725724449028708,4.725724449028708,4.658362657330501,4.717182196134277,4.786506514988796,9.997750071018661,6.814086399770751,6.223613353703532,7.5054757853036875,6.998241065712989,6.338862552081309,6.753427234594053,4.3263607641358375,5.230447961869365,5.251565928232817,4.666661355572713,5.0769821123365375,4.34700040344397,4.439745854460383,4.751561981690841,4.69176520500564,4.734301782994652,5.294270854628871,5.471428157066575,0.0,0.0,3.3333333333333335,5.01799156529038,5.067056241853186,3.3333333333333335,0.0,3.3333333333333335,0.0,0.0,5.348537306467525,5.348537306467525,0.0,0.0,0.0,0.0,0.0,0.0,0.0,0.0,0.0,0.0,5.4149673410723755,3.3333333333333335,3.3333333333333335,3.3333333333333335,0.0,0.0,0.0,0.0,0.0,0.0,0.0,0.0,0.0,0.0,0.0,0.0,0.0,3.3333333333333335,5.251565928232817,5.086945795614183,4.932024141519805,0.0,4.6012339111537
1_a4_rotation,0.0,0.25390625,0.5478515625,0.578125,0.609375,0.5830078125,0.5908203125,0.5634765625,0.494140625,0.4560546875,0.4599609375,0.5361328125,0.501953125,0.4521484375,0.388671875,0.4228515625,0.4677734375,0.4951171875,0.51171875,0.4736328125,0.466796875,0.5146484375,0.44140625,0.4072265625,0.482421875,0.439453125,0.3876953125,0.5029296875,0.5087890625,0.4970703125,0.5537109375,0.5009765625,0.4765625,0.4765625,0.46875,0.4755859375,0.4833984375,0.3759765625,0.328125,0.318359375,0.3388671875,0.3310546875,0.3203125,0.3271484375,0.42578125,0.5283203125,0.5302734375,0.4697265625,0.513671875,0.4287109375,0.44140625,0.4794921875,0.47265625,0.4775390625,0.5341796875,0.5498046875,0.5986328125,0.5849609375,0.5732421875,0.5078125,0.5126953125,0.5615234375,0.5771484375,0.5556640625,0.658203125,0.642578125,0.5390625,0.5390625,0.5830078125,0.6083984375,0.65625,0.595703125,0.6787109375,0.693359375,0.6904296875,0.654296875,0.62890625,0.626953125,0.544921875,0.576171875,0.556640625,0.5703125,0.5908203125,0.681640625,0.70703125,0.6953125,0.65625,0.708984375,0.6904296875,0.6640625,0.607421875,0.6376953125,0.62890625,0.6591796875,0.6044921875,0.56640625,0.5302734375,0.5146484375,0.4990234375,0.6142578125,0.4619140625
2_a4_power,0.0,0.8366411418509356,4.717182196134277,4.989001912087957,5.209485559929586,4.742914269919549,4.777717184957506,4.6500984650602675,6.618059121800031,9.690997566502338,4.439745854460383,11.207843718418786,11.480243819441709,7.570551804118478,5.776584940658427,6.814086399770751,7.376444667094216,10.15475874447238,10.695898878933585,6.455525833419841,7.768034633088694,10.695898878933585,11.550004729597676,11.241316633720809,10.920124278053015,11.620436412592582,11.376853132632029,10.367913106768924,6.711017620693827,6.52682202693548,4.389133704866716,4.432418643104265,11.655904796854452,10.04981559230328,11.091248523455905,6.504279837299521,10.863647158804033,5.668276820228261,3.985738149218872,2.9090512153784887,3.157256366646829,5.722260048012491,4.658702062514684,4.997095959202326,6.753427234594053,11.174534484527223,10.530660501208681,10.31421425720366,6.595089094889282,8.104753258219935,6.936492237523086,8.95227180930901,9.322154559975658,10.530660501208681,4.3263607641358375,4.476870745844006,4.904032142232228,5.01799156529038,4.42512385298432,4.56933855557963,4.830988367148129,4.360917836104684,4.499539336304509,4.432418643104265,4.979413121818376,4.960346751151406,4.4843939942534305,4.4544978284309,4.641868706874572,4.998627868164857,0.0,5.294270854628871,4.734301782994652,5.348537306467525,3.3333333333333335,4.894774609293646,4.904032142232228,4.708674952423917,5.027729450113886,4.4106312489031785,4.700202646010184,4.742914269919549,5.283535819102609,5.471428157066575,3.3333333333333335,0.0,5.482841450604551,5.240987463554411,4.830988367148129,5.008291061936517,5.392664310233766,5.027729450113886,5.01799156529038,4.742914269919549,4.447105558940113,4.725724449028708,4.885553523287968,6.6643221902502665,10.04981559230328,4.786506514988796,11.585136523900298
2_a4_rotation,0.0,0.1630859375,0.4755859375,0.5048828125,0.5263671875,0.478515625,0.482421875,0.4677734375,0.41796875,0.3701171875,0.44140625,0.3984375,0.40625,0.33984375,0.310546875,0.328125,0.3369140625,0.37890625,0.388671875,0.322265625,0.3427734375,0.388671875,0.408203125,0.3994140625,0.392578125,0.41015625,0.4033203125,0.3828125,0.421875,0.4140625,0.4345703125,0.4404296875,0.4111328125,0.376953125,0.3955078125,0.4130859375,0.3916015625,0.30859375,0.2744140625,0.2470703125,0.25390625,0.3095703125,0.2890625,0.2958984375,0.3271484375,0.3974609375,0.3857421875,0.3818359375,0.4169921875,0.34765625,0.330078125,0.359375,0.3642578125,0.3857421875,0.42578125,0.4462890625,0.49609375,0.5078125,0.439453125,0.4580078125,0.48828125,0.4306640625,0.44921875,0.4404296875,0.50390625,0.501953125,0.447265625,0.443359375,0.466796875,0.505859375,0.59375,0.5341796875,0.4775390625,0.5390625,0.5546875,0.4951171875,0.49609375,0.474609375,0.5087890625,0.4375,0.4736328125,0.478515625,0.533203125,0.5498046875,0.5654296875,0.58984375,0.55078125,0.529296875,0.48828125,0.5068359375,0.54296875,0.5087890625,0.5078125,0.478515625,0.4423828125,0.4765625,0.494140625,0.419921875,0.376953125,0.4833984375,0.4091796875
2_a5_power,0.0,1.827423139125678e-2,3.8594390924613986,5.197624850769788,6.109769615829433,5.561331048016387,3.81794010471866,3.5357463054568474,2.806789413339595,1.9389500661669843,2.874692699903287,2.5144380003711144,2.8406057918260323,1.373372927835672,0.7779516692129415,0.9300967206955807,0.9140609265106582,1.2516701796042227,1.271433030861015,1.1936124815816982,1.1373784332311239,1.6399426552380258,1.6635953124440312,1.7115807231580522,1.373372927835672,2.2142453608630057,2.3913042835337976,1.7852752470911293,1.760480114322318,2.331274378089254,2.2722576113513493,2.12909159147356,1.9920690722636885,1.5250367384326573,1.5475738652542257,1.9653899326233821,1.5250367384326573,0.962728768775481,0.4304975748813786,0.3049966712447479,0.3130224930774994,0.8517607999713439,0.8825444088151956,0.6633769597418542,0.735783003970495,1.291402821087674,1.1936124815816982,1.5250367384326573,1.9920690722636885,1.232113189510162,1.271433030861015,1.760480114322318,1.570331942538412,1.8103021083939062,2.0461494823245645,2.7069526773538257,3.57517805911519,3.695230145719812,3.0492229074014965,3.2306780257403003,3.157256366646829,2.609511906628545,3.81794010471866,2.9785873797512843,3.7767396695522386,5.455739001565722,3.1209664207862047,3.2678118945874126,2.331274378089254,4.706078332563064,8.381028279601416,5.146998992210221,4.4265846198082555,6.875107708144718,8.735110377673033,6.5143904497172285,4.898795278018059,3.8594390924613986,4.611644823378182,3.8594390924613986,3.81794010471866,3.985738149218872,5.561331048016387,5.403447930983007,5.614634179498606,5.668276820228261,6.281061731425893,5.508366347974469,5.88626403176396,2.3016398912855394,4.898795278018059,5.046735624233624,5.046735624233624,3.4577547441121546,2.7069526773538257,3.7767396695522386,3.5357463054568474,3.6149018985070414,2.157229004167146,3.380918592015884,2.331274378089254
2_a5_rotation,0.0,4.39453125e-2,0.271484375,0.2998046875,0.31640625,0.306640625,0.2705078125,0.263671875,0.244140625,0.2158203125,0.24609375,0.2353515625,0.2451171875,0.1923828125,0.1591796875,0.1689453125,0.16796875,0.1865234375,0.1875,0.18359375,0.1806640625,0.2041015625,0.205078125,0.20703125,0.1923828125,0.2255859375,0.2314453125,0.2099609375,0.208984375,0.2294921875,0.2275390625,0.22265625,0.2177734375,0.19921875,0.2001953125,0.216796875,0.19921875,0.1708984375,0.1259765625,0.1123046875,0.11328125,0.1640625,0.166015625,0.1455078125,0.15625,0.1884765625,0.18359375,0.19921875,0.2177734375,0.185546875,0.1875,0.208984375,0.201171875,0.2109375,0.2197265625,0.2412109375,0.2646484375,0.267578125,0.2509765625,0.255859375,0.25390625,0.23828125,0.2705078125,0.2490234375,0.26953125,0.3046875,0.2529296875,0.2568359375,0.2294921875,0.2900390625,0.3515625,0.298828125,0.2841796875,0.3291015625,0.3564453125,0.3232421875,0.2939453125,0.271484375,0.2880859375,0.271484375,0.2705078125,0.2744140625,0.306640625,0.3037109375,0.3076171875,0.30859375,0.3193359375,0.3056640625,0.3125,0.228515625,0.2939453125,0.296875,0.296875,0.26171875,0.2412109375,0.26953125,0.263671875,0.265625,0.2236328125,0.259765625,0.2294921875
1_a5_power,0.0,2.577559056678042,4.751561981690841,4.786506514988796,4.876368812327751,4.55359345660309,4.717182196134277,4.69176520500564,4.340089060937642,4.319543666065478,10.863647158804033,7.2489009227306616,5.561331048016387,6.397016893476913,4.801792276623997,5.561331048016387,8.592304884281809,11.585136523900298,9.099027465848991,8.242119059002214,8.381028279601416,9.025450782162643,10.26078938076484,10.530660501208681,9.590878723733592,7.570551804118478,6.223613353703532,9.997750071018661,11.515040628504792,11.3427214798889,6.687615734536256,6.618059121800031,6.595089094889282,10.26078938076484,4.850132106250821,10.807451019666823,11.515040628504792,5.248581596119717,2.7069526773538257,1.9389500661669843,2.5144380003711144,3.4191927808115348,2.5144380003711144,2.4217018577888965,5.997322716001935,7.312487412085265,6.711017620693827,4.4106312489031785,4.585218515396655,6.053372100063426,3.7767396695522386,6.814086399770751,9.590878723733592,9.894427634556608,8.807102684871339,9.74145498465351,4.360917836104684,6.5494707988302565,10.640541475940491,9.843169317982111,6.618059121800031,4.469380349995404,6.711017620693827,11.480243819441709,4.389133704866716,4.56933855557963,11.620436412592582,10.367913106768924,6.5494707988302565,11.376853132632029,4.476870745844006,4.469380349995404,4.894774609293646,5.305045212585699,5.178332382284075,5.008291061936517,4.932024141519805,4.777717184957506,8.451064366850202,4.3962674671174256,4.6012339111537,4.922656836457865,4.514816951248175,4.894774609293646,4.894774609293646,5.1271800944165316,5.359509354888818,4.360917836104684,4.708674952423917,4.876368812327751,4.760244990195971,4.469380349995404,4.432418643104265,4.491950167111117,4.9133261939911534,10.695898878933585,4.514816951248175,11.174534484527223,10.807451019666823,4.367924070033955,5.299870306067139
1_a5_rotation,0.0,0.2373046875,0.4794921875,0.4833984375,0.4931640625,0.4560546875,0.4755859375,0.47265625,0.427734375,0.4248046875,0.3916015625,0.3349609375,0.306640625,0.3212890625,0.2919921875,0.306640625,0.3544921875,0.4091796875,0.361328125,0.349609375,0.3515625,0.3603515625,0.380859375,0.3857421875,0.3681640625,0.33984375,0.318359375,0.3759765625,0.4072265625,0.40234375,0.4208984375,0.41796875,0.4169921875,0.380859375,0.29296875,0.390625,0.4072265625,0.30078125,0.2412109375,0.2158203125,0.2353515625,0.2607421875,0.2353515625,0.232421875,0.314453125,0.3359375,0.421875,0.4375,0.4599609375,0.3154296875,0.26953125,0.328125,0.3681640625,0.3740234375,0.357421875,0.37109375,0.4306640625,0.4150390625,0.3876953125,0.373046875,0.41796875,0.4453125,0.421875,0.40625,0.4345703125,0.4580078125,0.41015625,0.3828125,0.4150390625,0.4033203125,0.4462890625,0.4453125,0.4951171875,0.53515625,0.5234375,0.5068359375,0.4990234375,0.482421875,0.3525390625,0.435546875,0.4619140625,0.498046875,0.451171875,0.4951171875,0.4951171875,0.5185546875,0.5400390625,0.4306640625,0.474609375,0.4931640625,0.48046875,0.4453125,0.4404296875,0.4482421875,0.4970703125,0.388671875,0.451171875,0.3974609375,0.390625,0.431640625,0.3017578125
1_a6_power,0.0,0.6241085693833778,9.025450782162643,8.381028279601416,11.241316633720809,4.3263607641358375,6.5722264043571075,9.322154559975658,5.197624850769788,9.099027465848991,10.4761355280729,9.247378276948362,6.281061731425893,1.6165152597231771,1.5933120480923504,2.4217018577888965,3.8594390924613986,6.875107708144718,4.381106368124121,2.9436824160587776,3.81794010471866,4.706078332563064,6.5736118201762075,3.5357463054568474,5.046735624233624,5.248581596119717,5.146998992210221,4.028442125338231,4.658702062514684,3.7358367091550004,9.792178668247258,10.31421425720366,8.735110377673033,7.060355270521565,7.122835929755944,6.109769615829433,2.641727741519919,3.2678118945874126,1.3319675296791316,0.5621586742916896,0.7324259801147549,1.3115806280913347,1.5933120480923504,1.3943935800186857,2.185613234694582,3.9433370369043703,9.247378276948362,7.768034633088694,5.561331048016387,4.291086479155926,3.9433370369043703,3.9433370369043703,4.947782869732849,5.248581596119717,10.42188663015916,10.04981559230328,9.894427634556608,6.5143904497172285,6.693129134807485,4.706078332563064,8.104753258219935,6.753427234594053,7.376444667094216,9.590878723733592,11.14138853086619,11.550004729597676,7.060355270521565,4.11476298022006,8.242119059002214,4.42512385298432,4.389133704866716,11.655904796854452,6.687615734536256,4.658362657330501,4.742914269919549,9.74145498465351,4.333209205130745,11.3427214798889,9.843169317982111,6.109769615829433,8.521489542474619,4.5071615737210475,4.830988367148129,4.34700040344397,11.207843718418786,11.174534484527223,9.541215897718951,7.901579607578384,4.56933855557963,4.35394330453717,11.174534484527223,11.445613901228507,11.585136523900298,10.102151583221678,10.976883078112294,8.242119059002214,9.74145498465351,9.792178668247258,6.814086399770751,10.4761355280729,2.577559056678042
1_a6_rotation,0.0,0.142578125,0.3603515625,0.3515625,0.3994140625,0.42578125,0.416015625,0.3642578125,0.2998046875,0.361328125,0.384765625,0.36328125,0.3193359375,0.203125,0.2021484375,0.232421875,0.271484375,0.3291015625,0.283203125,0.248046875,0.2705078125,0.2900390625,0.32421875,0.263671875,0.296875,0.30078125,0.298828125,0.275390625,0.2890625,0.2685546875,0.3720703125,0.3818359375,0.3564453125,0.33203125,0.3330078125,0.31640625,0.2392578125,0.2568359375,0.1904296875,0.1376953125,0.150390625,0.189453125,0.2021484375,0.193359375,0.224609375,0.2734375,0.36328125,0.3427734375,0.306640625,0.28125,0.2734375,0.2734375,0.294921875,0.30078125,0.3837890625,0.376953125,0.3740234375,0.3232421875,0.326171875,0.2900390625,0.34765625,0.3271484375,0.3369140625,0.3681640625,0.396484375,0.408203125,0.33203125,0.27734375,0.349609375,0.439453125,0.4345703125,0.4111328125,0.4208984375,0.46875,0.478515625,0.37109375,0.4267578125,0.40234375,0.373046875,0.31640625,0.353515625,0.4501953125,0.48828125,0.4287109375,0.3984375,0.3974609375,0.3671875,0.3447265625,0.4580078125,0.4296875,0.3974609375,0.4052734375,0.4091796875,0.3779296875,0.3935546875,0.349609375,0.37109375,0.3720703125,0.328125,0.384765625,0.2373046875
2_a6_power,0.0,0.42056341191371116,6.595089094889282,10.585462250265033,10.863647158804033,10.695898878933585,5.219947351290237,11.376853132632029,6.6643221902502665,10.530660501208681,6.52682202693548,5.997322716001935,4.382031932527529,11.550004729597676,4.202308224006931,4.158382014596797,9.322154559975658,6.166516341107091,7.968922254797497,7.768034633088694,7.570551804118478,11.515040628504792,4.340089060937642,11.3427214798889,7.834617426277828,5.722260048012491,7.4407737655646455,5.831252575973203,4.34700040344397,11.308755113275936,4.499539336304509,6.481843978549129,10.920124278053015,7.570551804118478,10.807451019666823,10.207637776753922,8.807102684871339,4.518483126612271,2.8406057918260323,2.545868113861277,1.9127483950873605,3.4577547441121546,3.7358367091550004,3.2306780257403003,4.11476298022006,5.248581596119717,8.451064366850202,8.879489469480953,7.834617426277828,5.046735624233624,5.831252575973203,9.3973328650642,10.15475874447238,6.618059121800031,4.537982643367502,11.550004729597676,4.545771300211397,6.481843978549129,7.2489009227306616,9.690997566502338,10.4761355280729,4.522505540773332,4.4544978284309,8.451064366850202,4.4843939942534305,4.56933855557963,7.122835929755944,4.947782869732849,4.564905537346422,4.319543666065478,10.367913106768924,4.389133704866716,4.5071615737210475,10.807451019666823,4.998627868164857,4.577261641939361,4.666661355572713,5.272840034119475,4.4843939942534305,11.3427214798889,4.34700040344397,4.904032142232228,4.7953314293036895,5.240987463554411,4.876368812327751,5.188678147313946,4.514816951248175,8.173243770037525,9.247378276948362,4.306003211148634,4.3263607641358375,4.476870745844006,4.56933855557963,4.839992281192664,5.106986888102121,7.312487412085265,9.322154559975658,6.481843978549129,5.997322716001935,4.340089060937642,8.311380202921134
2_a6_rotation,0.0,0.125,0.4169921875,0.38671875,0.3916015625,0.388671875,0.52734375,0.4033203125,0.419921875,0.3857421875,0.4140625,0.314453125,0.43359375,0.408203125,0.279296875,0.2783203125,0.3642578125,0.3173828125,0.345703125,0.3427734375,0.33984375,0.4072265625,0.427734375,0.40234375,0.34375,0.3095703125,0.337890625,0.3115234375,0.4287109375,0.4013671875,0.44921875,0.412109375,0.392578125,0.33984375,0.390625,0.3798828125,0.357421875,0.2861328125,0.2451171875,0.236328125,0.21484375,0.26171875,0.2685546875,0.255859375,0.27734375,0.30078125,0.3525390625,0.3583984375,0.34375,0.296875,0.3115234375,0.365234375,0.37890625,0.41796875,0.4541015625,0.408203125,0.455078125,0.412109375,0.3349609375,0.3701171875,0.384765625,0.4521484375,0.443359375,0.3525390625,0.447265625,0.4580078125,0.3330078125,0.294921875,0.287109375,0.4248046875,0.3828125,0.4345703125,0.4501953125,0.390625,0.505859375,0.458984375,0.4697265625,0.5322265625,0.447265625,0.40234375,0.4287109375,0.49609375,0.484375,0.529296875,0.4931640625,0.5244140625,0.451171875,0.3486328125,0.36328125,0.4228515625,0.42578125,0.4462890625,0.4580078125,0.4892578125,0.5166015625,0.3359375,0.3642578125,0.412109375,0.314453125,0.427734375,0.3505859375
2_a7_power,0.0,0.28935894268038664,10.42188663015916,11.241316633720809,4.35394330453717,9.541215897718951,5.096702942633878,4.2465426862575955,4.158382014596797,2.739963933910626,6.633191022603916,5.722260048012491,4.801792276623997,4.11476298022006,4.335940680509055,3.380918592015884,3.6549189014395367,4.947782869732849,3.013767184263146,3.57517805911519,3.157256366646829,4.4265846198082555,3.6149018985070414,5.776584940658427,4.706078332563064,5.9416203858378225,6.753427234594053,4.801792276623997,6.109769615829433,6.455525833419841,7.376444667094216,8.381028279601416,6.998241065712989,5.299870306067139,5.561331048016387,6.936492237523086,4.202308224006931,2.0461494823245645,0.9140609265106582,1.1008878356089173,0.6951663810020484,2.185613234694582,1.4370761796298723,1.861055327829894,2.2142453608630057,3.6149018985070414,6.109769615829433,5.146998992210221,5.096702942633878,3.3052292267109586,3.4191927808115348,5.3514920584191925,4.4265846198082555,5.299870306067139,9.894427634556608,9.640805713095212,11.3427214798889,11.480243819441709,7.968922254797497,5.88626403176396,10.807451019666823,6.753427234594053,6.875107708144718,8.592304884281809,7.570551804118478,8.592304884281809,8.104753258219935,6.998241065712989,5.248581596119717,10.26078938076484,4.491950167111117,6.687615734536256,10.31421425720366,4.42512385298432,4.537982643367502,6.481843978549129,10.15475874447238,10.04981559230328,11.515040628504792,9.3973328650642,11.376853132632029,8.879489469480953,11.274953631613215,6.687615734536256,11.445613901228507,6.6411367364626095,4.333209205130745,4.56933855557963,11.480243819441709,6.998241065712989,4.469380349995404,9.843169317982111,11.308755113275936,6.998241065712989,4.381106368124121,11.411150472685257,10.807451019666823,5.9416203858378225,5.455739001565722,8.735110377673033,5.197624850769788
2_a7_rotation,0.0,0.1103515625,0.3837890625,0.3994140625,0.4296875,0.3671875,0.2978515625,0.2802734375,0.2783203125,0.2421875,0.3251953125,0.3095703125,0.2919921875,0.27734375,0.2822265625,0.259765625,0.2666015625,0.294921875,0.25,0.2646484375,0.25390625,0.2841796875,0.265625,0.310546875,0.2900390625,0.3134765625,0.3271484375,0.2919921875,0.31640625,0.322265625,0.3369140625,0.3515625,0.3310546875,0.3017578125,0.306640625,0.330078125,0.279296875,0.2197265625,0.16796875,0.1787109375,0.1533203125,0.224609375,0.1953125,0.212890625,0.2255859375,0.265625,0.31640625,0.298828125,0.2978515625,0.2578125,0.2607421875,0.302734375,0.2841796875,0.3017578125,0.3740234375,0.369140625,0.40234375,0.40625,0.345703125,0.3125,0.390625,0.3271484375,0.3291015625,0.3544921875,0.33984375,0.3544921875,0.34765625,0.3310546875,0.30078125,0.380859375,0.4482421875,0.4208984375,0.3818359375,0.439453125,0.4541015625,0.412109375,0.37890625,0.376953125,0.4072265625,0.365234375,0.4033203125,0.3583984375,0.400390625,0.4208984375,0.4052734375,0.4189453125,0.4267578125,0.4580078125,0.40625,0.3310546875,0.4453125,0.373046875,0.4013671875,0.3310546875,0.283203125,0.404296875,0.390625,0.3134765625,0.3046875,0.3564453125,0.2998046875
2_a8_power,0.0,1.6874743091483289,4.7953314293036895,4.830988367148129,4.683362557522841,5.40379580500058,3.3333333333333335,11.207843718418786,4.461922734820183,4.56933855557963,4.577261641939361,7.312487412085265,4.530227414183959,9.997750071018661,4.11476298022006,4.291086479155926,6.166516341107091,4.4723765133685935,7.2489009227306616,9.541215897718951,4.360917836104684,4.894774609293646,4.932024141519805,10.31421425720366,11.207843718418786,11.14138853086619,6.6643221902502665,4.35394330453717,4.666661355572713,11.515040628504792,4.8220203968244055,5.230447961869365,4.333209205130745,6.455525833419841,8.381028279601416,4.658702062514684,6.053372100063426,4.997095959202326,2.0735529083594044,2.157229004167146,3.1209664207862047,7.1856841212232645,7.768034633088694,6.455525833419841,7.312487412085265,4.804191999789627,4.717182196134277,4.42512385298432,8.173243770037525,5.046735624233624,4.2465426862575955,4.3962674671174256,4.3263607641358375,4.417861412213104,4.447105558940113,4.683362557522841,4.522505540773332,9.792178668247258,9.173002938175186,10.807451019666823,9.590878723733592,4.5932092478389555,5.209485559929586,6.338862552081309,9.94595431866928,11.174534484527223,6.936492237523086,6.109769615829433,5.13733391997727,4.768963367322378,4.34700040344397,4.439745854460383,11.445613901228507,6.618059121800031,5.471428157066575,4.522505540773332,4.469380349995404,3.3333333333333335,3.3333333333333335,4.725724449028708,4.8490322108454516,0.0,4.545771300211397,5.03750478829448,4.725724449028708,4.969861425468674,4.4843939942534305,4.476870745844006,10.15475874447238,5.0769821123365375,4.4544978284309,4.830988367148129,4.7953314293036895,5.0769821123365375,4.876368812327751,6.6643221902502665,5.299870306067139,4.6500984650602675,11.274953631613215,4.960346751151406,8.311380202921134
2_a8_rotation,0.0,0.2060546875,0.484375,0.48828125,0.4716796875,0.5439453125,0.5576171875,0.3984375,0.4443359375,0.4580078125,0.458984375,0.3359375,0.453125,0.3759765625,0.27734375,0.28125,0.3173828125,0.28515625,0.3349609375,0.3671875,0.4306640625,0.4951171875,0.4990234375,0.3818359375,0.3984375,0.396484375,0.419921875,0.4296875,0.4697265625,0.4072265625,0.4873046875,0.5283203125,0.4267578125,0.322265625,0.3515625,0.2890625,0.3154296875,0.2958984375,0.220703125,0.2236328125,0.2529296875,0.333984375,0.3427734375,0.322265625,0.3359375,0.4853515625,0.4755859375,0.439453125,0.3486328125,0.296875,0.2802734375,0.435546875,0.42578125,0.4384765625,0.4423828125,0.4716796875,0.4521484375,0.3720703125,0.3623046875,0.390625,0.3681640625,0.4609375,0.5263671875,0.3203125,0.375,0.3974609375,0.330078125,0.31640625,0.51953125,0.4814453125,0.4287109375,0.44140625,0.4052734375,0.41796875,0.5498046875,0.4521484375,0.4453125,0.5712890625,0.564453125,0.4765625,0.490234375,0.583984375,0.455078125,0.509765625,0.4765625,0.5029296875,0.447265625,0.4462890625,0.37890625,0.513671875,0.443359375,0.48828125,0.484375,0.513671875,0.4931640625,0.419921875,0.3017578125,0.4677734375,0.400390625,0.501953125,0.3505859375
1_a7_power,0.0,0.11886101555581297,4.2465426862575955,5.197624850769788,8.879489469480953,9.843169317982111,9.322154559975658,8.381028279601416,3.4191927808115348,5.668276820228261,8.242119059002214,7.5054757853036875,4.753774711330457,1.3943935800186857,0.962728768775481,1.2516701796042227,1.7852752470911293,3.7767396695522386,2.9090512153784887,1.291402821087674,2.609511906628545,3.013767184263146,4.753774711330457,3.4191927808115348,3.013767184263146,3.2306780257403003,3.3052292267109586,3.0849556269734713,4.11476298022006,3.2306780257403003,5.668276820228261,8.104753258219935,5.776584940658427,6.166516341107091,5.776584940658427,4.028442125338231,2.331274378089254,2.101199918806691,0.7637212019786791,0.5270342479109243,0.5742045262201245,0.735783003970495,1.047628534950177,1.2127609827716987,1.2127609827716987,2.8406057918260323,6.166516341107091,4.658702062514684,3.3052292267109586,3.157256366646829,3.2306780257403003,2.8406057918260323,3.2306780257403003,4.658702062514684,6.5143904497172285,7.376444667094216,6.5143904497172285,5.776584940658427,5.197624850769788,4.947782869732849,6.936492237523086,6.814086399770751,6.633191022603916,7.5054757853036875,7.5054757853036875,9.025450782162643,6.166516341107091,3.4191927808115348,4.753774711330457,10.207637776753922,11.550004729597676,10.207637776753922,9.541215897718951,10.585462250265033,6.481843978549129,7.5054757853036875,9.025450782162643,9.025450782162643,7.901579607578384,4.028442125338231,3.7767396695522386,9.843169317982111,4.340089060937642,11.091248523455905,8.879489469480953,7.376444667094216,6.5143904497172285,6.936492237523086,11.241316633720809,9.640805713095212,8.735110377673033,8.104753258219935,9.541215897718951,9.025450782162643,8.521489542474619,8.242119059002214,5.299870306067139,5.776584940658427,4.028442125338231,6.936492237523086,3.013767184263146
1_a7_rotation,0.0,8.203125e-2,0.2802734375,0.2998046875,0.3583984375,0.373046875,0.3642578125,0.3515625,0.2607421875,0.30859375,0.349609375,0.3388671875,0.291015625,0.193359375,0.1708984375,0.1865234375,0.2099609375,0.26953125,0.2470703125,0.1884765625,0.23828125,0.25,0.291015625,0.2607421875,0.25,0.255859375,0.2578125,0.251953125,0.27734375,0.255859375,0.30859375,0.34765625,0.310546875,0.3173828125,0.310546875,0.275390625,0.2294921875,0.2216796875,0.158203125,0.134765625,0.138671875,0.15625,0.17578125,0.1845703125,0.1845703125,0.2451171875,0.3173828125,0.2890625,0.2578125,0.25390625,0.255859375,0.2451171875,0.255859375,0.2890625,0.3232421875,0.3369140625,0.3232421875,0.310546875,0.2998046875,0.294921875,0.330078125,0.328125,0.3251953125,0.3388671875,0.3388671875,0.3603515625,0.3173828125,0.2607421875,0.291015625,0.3798828125,0.408203125,0.3798828125,0.3671875,0.38671875,0.412109375,0.3388671875,0.3603515625,0.3603515625,0.3447265625,0.275390625,0.26953125,0.373046875,0.427734375,0.3955078125,0.3583984375,0.3369140625,0.3232421875,0.330078125,0.3994140625,0.369140625,0.3564453125,0.34765625,0.3671875,0.3603515625,0.353515625,0.349609375,0.3017578125,0.310546875,0.275390625,0.330078125,0.25
1_a8_power,0.0,6.753427234594053,5.482841450604551,3.3333333333333335,0.0,3.3333333333333335,0.0,3.3333333333333335,4.8490322108454516,9.541215897718951,11.241316633720809,9.94595431866928,7.901579607578384,8.242119059002214,8.879489469480953,4.319543666065478,4.439745854460383,6.595089094889282,11.091248523455905,4.801792276623997,8.242119059002214,4.514816951248175,4.340089060937642,10.640541475940491,4.461922734820183,4.609292577228332,11.207843718418786,9.792178668247258,4.530227414183959,4.360917836104684,4.403433291167099,11.445613901228507,4.4544978284309,4.786506514988796,4.6012339111537,4.760244990195971,4.3263607641358375,6.693129134807485,5.614634179498606,2.4832676384004198,3.0849556269734713,4.518483126612271,2.9785873797512843,5.668276820228261,10.920124278053015,4.403433291167099,4.641868706874572,4.514816951248175,4.734301782994652,10.31421425720366,6.5736118201762075,11.620436412592582,6.481843978549129,4.7953314293036895,4.491950167111117,4.360917836104684,7.834617426277828,11.411150472685257,4.674994631674346,4.522505540773332,4.389133704866716,4.609292577228332,4.5932092478389555,4.461922734820183,4.666661355572713,4.42512385298432,4.7953314293036895,4.389133704866716,5.381572784884496,4.5932092478389555,0.0,6.595089094889282,4.8220203968244055,0.0,0.0,4.969861425468674,11.411150472685257,4.708674952423917,4.514816951248175,4.374962078212422,4.585218515396655,3.3333333333333335,3.3333333333333335,0.0,3.3333333333333335,0.0,0.0,3.3333333333333335,3.3333333333333335,5.283535819102609,0.0,0.0,4.830988367148129,5.326712183340827,5.188678147313946,4.839992281192664,5.305045212585699,4.530227414183959,5.106986888102121,0.0,10.04981559230328
1_a8_rotation,0.0,0.3271484375,0.55078125,0.5595703125,0.6064453125,0.5693359375,0.5947265625,0.55859375,0.490234375,0.3671875,0.3994140625,0.375,0.3447265625,0.349609375,0.3583984375,0.4248046875,0.44140625,0.4169921875,0.3955078125,0.2919921875,0.349609375,0.451171875,0.427734375,0.3876953125,0.4443359375,0.462890625,0.3984375,0.3720703125,0.453125,0.4306640625,0.4365234375,0.4052734375,0.443359375,0.4833984375,0.4619140625,0.48046875,0.42578125,0.326171875,0.3076171875,0.234375,0.251953125,0.2861328125,0.2490234375,0.30859375,0.392578125,0.4365234375,0.466796875,0.451171875,0.4775390625,0.3818359375,0.32421875,0.41015625,0.412109375,0.484375,0.4482421875,0.4306640625,0.34375,0.404296875,0.470703125,0.4521484375,0.4345703125,0.462890625,0.4609375,0.4443359375,0.4697265625,0.439453125,0.484375,0.4345703125,0.5419921875,0.4609375,0.60546875,0.4169921875,0.4873046875,0.5791015625,0.587890625,0.5029296875,0.404296875,0.474609375,0.451171875,0.4326171875,0.4599609375,0.5751953125,0.556640625,0.61328125,0.5751953125,0.591796875,0.63671875,0.5537109375,0.5703125,0.533203125,0.61328125,0.5810546875,0.48828125,0.537109375,0.5244140625,0.4892578125,0.53515625,0.453125,0.5166015625,0.6103515625,0.376953125
1_a9_power,0.0,3.524695648095793e-3,1.1004045266403752e-2,9.516678249858641e-2,0.17742518940109694,0.1320563642670701,0.11886101555581297,0.2817446294656308,0.14137466808957916,2.660186631859097e-2,1.9519786959663863e-2,1.9519786959663863e-2,1.382143540978665e-2,2.8197565184766345e-2,3.1577871844091714e-2,8.598163741016565e-3,1.0157965900261504e-2,2.135352711704825e-3,1.382143540978665e-2,3.9127811634687426e-2,2.660186631859097e-2,3.9127811634687426e-2,1.2834576779593243e-2,1.9519786959663863e-2,1.1004045266403752e-2,1.382143540978665e-2,2.7722685843921398e-3,8.598163741016565e-3,6.031509087438752e-2,6.878530992813252e-2,2.9855832612742227e-2,7.801357117292222e-2,5.5073369501496765e-2,7.485125177858776e-2,1.1895847812323302e-2,2.8197565184766345e-2,8.460292310767027e-2,0.11466631489176998,2.2178148675137118e-2,5.2570426489213895e-2,9.35640647232347e-3,2.7722685843921398e-3,3.947233980511464e-3,7.206815402003785e-3,9.155324751434436e-2,0.11466631489176998,2.660186631859097e-2,6.878530992813252e-2,5.765452321603028e-2,3.1577871844091714e-2,2.8197565184766345e-2,1.1895847812323302e-2,2.660186631859097e-2,2.359336130534945e-2,1.2834576779593243e-2,1.5944354625236246e-2,0.12755483700188996,0.15112132591210714,7.177556577751557e-2,5.765452321603028e-2,2.359336130534945e-2,6.587928098886554e-2,5.5073369501496765e-2,6.30562757181416e-2,0.23884666090193782,0.15112132591210714,5.5073369501496765e-2,7.177556577751557e-2,9.516678249858641e-2,0.11886101555581297,6.878530992813252e-2,1.382143540978665e-2,1.827423139125678e-2,7.177556577751557e-2,2.9855832612742227e-2,6.031509087438752e-2,4.779435960510777e-2,2.9855832612742227e-2,3.336488612038789e-2,0.14137466808957916,8.803236213123002e-2,6.30562757181416e-2,2.2178148675137118e-2,3.1577871844091714e-2,8.126372720209203e-2,7.485125177858776e-2,8.126372720209203e-2,0.14137466808957916,6.587928098886554e-2,4.551882925013832e-2,2.359336130534945e-2,9.155324751434436e-2,0.14619385113005423,3.9127811634687426e-2,3.521807868320385e-2,3.713865277411267e-2,6.30562757181416e-2,4.402259835400481e-3,1.827423139125678e-2,1.9519786959663863e-2,3.9127811634687426e-2
1_a9_rotation,0.0,2.5390625e-2,3.7109375e-2,7.6171875e-2,9.375e-2,8.49609375e-2,8.203125e-2,0.109375,8.69140625e-2,4.98046875e-2,4.4921875e-2,4.4921875e-2,4.00390625e-2,5.078125e-2,5.2734375e-2,3.41796875e-2,3.61328125e-2,2.1484375e-2,4.00390625e-2,5.6640625e-2,4.98046875e-2,5.6640625e-2,3.90625e-2,4.4921875e-2,3.7109375e-2,4.00390625e-2,2.34375e-2,3.41796875e-2,6.54296875e-2,6.8359375e-2,5.17578125e-2,7.12890625e-2,6.34765625e-2,7.03125e-2,3.80859375e-2,5.078125e-2,7.32421875e-2,8.10546875e-2,4.6875e-2,6.25e-2,3.515625e-2,2.34375e-2,2.63671875e-2,3.22265625e-2,7.51953125e-2,8.10546875e-2,4.98046875e-2,6.8359375e-2,6.4453125e-2,5.2734375e-2,5.078125e-2,3.80859375e-2,4.98046875e-2,4.78515625e-2,3.90625e-2,4.19921875e-2,8.3984375e-2,8.88671875e-2,6.93359375e-2,6.4453125e-2,4.78515625e-2,6.73828125e-2,6.34765625e-2,6.640625e-2,0.103515625,8.88671875e-2,6.34765625e-2,6.93359375e-2,7.6171875e-2,8.203125e-2,6.8359375e-2,4.00390625e-2,4.39453125e-2,6.93359375e-2,5.17578125e-2,6.54296875e-2,6.0546875e-2,5.17578125e-2,5.37109375e-2,8.69140625e-2,7.421875e-2,6.640625e-2,4.6875e-2,5.2734375e-2,7.2265625e-2,7.03125e-2,7.2265625e-2,8.69140625e-2,6.73828125e-2,5.95703125e-2,4.78515625e-2,7.51953125e-2,8.7890625e-2,5.6640625e-2,5.46875e-2,5.56640625e-2,6.640625e-2,2.734375e-2,4.39453125e-2,4.4921875e-2,5.6640625e-2
1_aA_power,0.0,7.801357117292222e-2,0.6904502962168332,1.0130941572774919,1.9127483950873605,1.291402821087674,1.5250367384326573,1.5250367384326573,1.1190339761636263,0.38235487684086217,0.3049966712447479,0.12755483700188996,0.11886101555581297,0.12755483700188996,0.17193820728755863,9.155324751434436e-2,0.14137466808957916,0.36415063400110653,0.40115592750086887,0.20054026218114437,0.18302768270565153,0.20054026218114437,0.2597054551921852,0.18302768270565153,0.17193820728755863,0.11886101555581297,0.14137466808957916,0.450832758547071,1.2127609827716987,0.962728768775481,0.9300967206955807,1.2516701796042227,1.1190339761636263,0.6689365073023991,0.18302768270565153,0.5742045262201245,0.8670615296903857,0.6904502962168332,0.23884666090193782,0.17193820728755863,8.460292310767027e-2,7.801357117292222e-2,9.155324751434436e-2,0.11886101555581297,0.40115592750086887,0.5742045262201245,0.6241085693833778,0.7085346025285326,0.47179844079706085,0.23884666090193782,0.23884666090193782,0.17193820728755863,0.28935894268038664,0.3211878909327292,0.28935894268038664,0.49340424756393303,0.9300967206955807,0.8982105151529081,0.6241085693833778,0.7085346025285326,1.0829389337598627,1.0130941572774919,0.8217014775220259,1.047628534950177,1.1190339761636263,0.962728768775481,0.5270342479109243,0.3211878909327292,0.40115592750086887,0.7923578190101637,0.6689365073023991,0.5502824794250601,0.5988100142287021,0.7085346025285326,1.0829389337598627,0.5988100142287021,0.7923578190101637,0.5988100142287021,0.3211878909327292,0.4304975748813786,0.6633769597418542,0.7637212019786791,0.5270342479109243,0.5502824794250601,0.8670615296903857,0.6633769597418542,0.8982105151529081,1.0130941572774919,1.2127609827716987,0.6633769597418542,0.6241085693833778,0.6904502962168332,0.962728768775481,0.47179844079706085,0.6904502962168332,0.4304975748813786,0.11886101555581297,3.713865277411267e-2,6.587928098886554e-2,0.3465335730490174,0.23884666090193782
1_aA_rotation,0.0,7.12890625e-2,0.1474609375,0.173828125,0.21484375,0.1884765625,0.19921875,0.19921875,0.1796875,0.12109375,0.1123046875,8.3984375e-2,8.203125e-2,8.3984375e-2,9.27734375e-2,7.51953125e-2,8.69140625e-2,0.119140625,0.123046875,9.765625e-2,9.47265625e-2,9.765625e-2,0.1064453125,9.47265625e-2,9.27734375e-2,8.203125e-2,8.69140625e-2,0.1279296875,0.1845703125,0.1708984375,0.1689453125,0.1865234375,0.1796875,0.1513671875,9.47265625e-2,0.138671875,0.1650390625,0.1474609375,0.103515625,9.27734375e-2,7.32421875e-2,7.12890625e-2,7.51953125e-2,8.203125e-2,0.123046875,0.138671875,0.142578125,0.154296875,0.1298828125,0.103515625,0.103515625,9.27734375e-2,0.1103515625,0.1142578125,0.1103515625,0.1318359375,0.1689453125,0.1669921875,0.142578125,0.154296875,0.177734375,0.173828125,0.162109375,0.17578125,0.1796875,0.1708984375,0.134765625,0.1142578125,0.123046875,0.16015625,0.1513671875,0.13671875,0.140625,0.154296875,0.177734375,0.140625,0.16015625,0.140625,0.1142578125,0.1259765625,0.1455078125,0.158203125,0.134765625,0.13671875,0.1650390625,0.1455078125,0.1669921875,0.173828125,0.1845703125,0.1455078125,0.142578125,0.1474609375,0.1708984375,0.1298828125,0.1474609375,0.1259765625,8.203125e-2,5.56640625e-2,6.73828125e-2,0.1171875,0.103515625
1_aB_power,0.0,5.9416203858378225,6.5494707988302565,4.382031932527529,4.804191999789627,4.6500984650602675,4.960346751151406,4.514816951248175,10.863647158804033,4.898795278018059,8.104753258219935,5.722260048012491,4.291086479155926,3.695230145719812,3.3052292267109586,2.7069526773538257,5.096702942633878,7.701830150203848,8.242119059002214,5.096702942633878,6.633191022603916,6.397016893476913,4.564905537346422,3.0849556269734713,4.11476298022006,4.4723765133685935,4.997095959202326,9.541215897718951,4.4106312489031785,11.174534484527223,4.4843939942534305,6.711017620693827,4.35394330453717,5.299870306067139,3.6149018985070414,8.521489542474619,11.308755113275936,4.898795278018059,2.7069526773538257,1.9920690722636885,1.5250367384326573,1.3943935800186857,2.3913042835337976,2.4523559501420586,5.9416203858378225,9.843169317982111,10.102151583221678,10.863647158804033,9.997750071018661,3.8594390924613986,4.898795278018059,4.658702062514684,8.242119059002214,7.834617426277828,7.834617426277828,11.308755113275936,4.35394330453717,4.340089060937642,11.376853132632029,9.099027465848991,4.312757839032224,4.3263607641358375,11.655904796854452,6.504279837299521,4.700202646010184,4.35394330453717,9.541215897718951,6.281061731425893,8.104753258219935,11.655904796854452,6.6643221902502665,9.3973328650642,4.3263607641358375,4.4544978284309,4.734301782994652,9.3973328650642,4.367924070033955,10.976883078112294,5.096702942633878,9.997750071018661,10.976883078112294,8.381028279601416,10.640541475940491,4.367924070033955,4.8220203968244055,4.617385317950293,4.530227414183959,4.545771300211397,4.6500984650602675,4.3962674671174256,8.242119059002214,11.445613901228507,4.382031932527529,10.207637776753922,10.751535159942854,4.801792276623997,4.028442125338231,4.028442125338231,6.281061731425893,10.207637776753922,1.9920690722636885
1_aB_rotation,0.0,0.3134765625,0.4150390625,0.43359375,0.4853515625,0.4677734375,0.501953125,0.451171875,0.3916015625,0.2939453125,0.34765625,0.3095703125,0.28125,0.267578125,0.2578125,0.2412109375,0.2978515625,0.341796875,0.349609375,0.2978515625,0.3251953125,0.3212890625,0.287109375,0.251953125,0.27734375,0.28515625,0.2958984375,0.3671875,0.4375,0.3974609375,0.447265625,0.421875,0.4296875,0.3017578125,0.265625,0.353515625,0.4013671875,0.2939453125,0.2412109375,0.2177734375,0.19921875,0.193359375,0.2314453125,0.2333984375,0.3134765625,0.373046875,0.3779296875,0.3916015625,0.3759765625,0.271484375,0.2939453125,0.2890625,0.349609375,0.34375,0.34375,0.4013671875,0.4296875,0.427734375,0.4033203125,0.361328125,0.423828125,0.42578125,0.4111328125,0.4130859375,0.4736328125,0.4296875,0.3671875,0.3193359375,0.34765625,0.4111328125,0.419921875,0.365234375,0.42578125,0.443359375,0.4775390625,0.365234375,0.431640625,0.3935546875,0.2978515625,0.3759765625,0.3935546875,0.3515625,0.3876953125,0.431640625,0.4873046875,0.4638671875,0.453125,0.455078125,0.4677734375,0.435546875,0.349609375,0.4052734375,0.43359375,0.3798828125,0.3896484375,0.2919921875,0.275390625,0.275390625,0.3193359375,0.3798828125,0.2177734375
2_a9_power,0.0,0.47179844079706085,4.335940680509055,5.614634179498606,5.9416203858378225,2.9436824160587776,3.2678118945874126,2.0461494823245645,1.352564603658199,2.0735529083594044,2.3016398912855394,2.0189885628950375,2.5144380003711144,1.1559222846185453,0.47179844079706085,0.37317875606423945,1.1373784332311239,1.6874743091483289,1.5933120480923504,0.7923578190101637,2.12909159147356,2.331274378089254,1.8867838415773752,1.232113189510162,2.545868113861277,2.609511906628545,2.0735529083594044,1.4156276380143742,2.7732424866368377,1.9389500661669843,2.6742076391593024,3.695230145719812,2.874692699903287,2.2142453608630057,1.1008878356089173,0.7923578190101637,1.2127609827716987,1.2516701796042227,0.38235487684086217,0.2817446294656308,0.1887468904427956,0.7496653395002418,0.8217014775220259,0.4304975748813786,0.9961152818496871,1.480621024948837,1.3319675296791316,2.157229004167146,2.545868113861277,1.291402821087674,0.5270342479109243,1.5475738652542257,1.3319675296791316,1.7359156322803369,2.5144380003711144,3.0492229074014965,2.9785873797512843,3.0492229074014965,2.4217018577888965,1.861055327829894,1.6874743091483289,1.5933120480923504,2.2142453608630057,3.6149018985070414,5.146998992210221,6.633191022603916,2.0735529083594044,1.570331942538412,3.695230145719812,3.2306780257403003,7.968922254797497,4.071450043069581,6.338862552081309,6.936492237523086,8.663511470078902,3.380918592015884,2.609511906628545,1.6399426552380258,3.4577547441121546,2.185613234694582,2.5144380003711144,4.706078332563064,6.753427234594053,4.753774711330457,2.545868113861277,5.146998992210221,4.850132106250821,4.753774711330457,7.122835929755944,5.88626403176396,2.3016398912855394,2.7069526773538257,3.9012377105875906,2.8406057918260323,3.8594390924613986,1.4370761796298723,3.9012377105875906,2.101199918806691,1.5250367384326573,3.9012377105875906,1.5933120480923504
2_a9_rotation,0.0,0.1298828125,0.2822265625,0.3076171875,0.3134765625,0.248046875,0.2568359375,0.2197265625,0.19140625,0.220703125,0.228515625,0.21875,0.2353515625,0.181640625,0.1298828125,0.1201171875,0.1806640625,0.2060546875,0.2021484375,0.16015625,0.22265625,0.2294921875,0.2138671875,0.185546875,0.236328125,0.23828125,0.220703125,0.1943359375,0.2431640625,0.2158203125,0.240234375,0.267578125,0.24609375,0.2255859375,0.1787109375,0.16015625,0.1845703125,0.1865234375,0.12109375,0.109375,9.5703125e-2,0.1572265625,0.162109375,0.1259765625,0.1728515625,0.197265625,0.1904296875,0.2236328125,0.236328125,0.1884765625,0.134765625,0.2001953125,0.1904296875,0.2080078125,0.2353515625,0.2509765625,0.2490234375,0.2509765625,0.232421875,0.212890625,0.2060546875,0.2021484375,0.2255859375,0.265625,0.298828125,0.3251953125,0.220703125,0.201171875,0.267578125,0.255859375,0.345703125,0.2763671875,0.3203125,0.330078125,0.35546875,0.259765625,0.23828125,0.2041015625,0.26171875,0.224609375,0.2353515625,0.2900390625,0.3271484375,0.291015625,0.236328125,0.298828125,0.29296875,0.291015625,0.3330078125,0.3125,0.228515625,0.2412109375,0.2724609375,0.2451171875,0.271484375,0.1953125,0.2724609375,0.2216796875,0.19921875,0.2724609375,0.2021484375
